"Redirect from","Redirect to"
"/2500-tevreden-klanten","/blogs/nieuws/2500-tevreden-klanten"
"/2500-tevreden-klanten/","/blogs/nieuws/2500-tevreden-klanten"
"/7-dagen-vers-garantie","/blogs/nieuws/7-dagen-vers-garantie"
"/7-dagen-vers-garantie/","/blogs/nieuws/7-dagen-vers-garantie"
"/7-dagen-versgarantie","/blogs/nieuws/7-dagen-versgarantie"
"/7-dagen-versgarantie/","/blogs/nieuws/7-dagen-versgarantie"
"/9-1-uit-3800-unieke-reviews","/blogs/nieuws/9-1-uit-3800-unieke-reviews"
"/9-1-uit-3800-unieke-reviews/","/blogs/nieuws/9-1-uit-3800-unieke-reviews"
"/algemene-voorwaarden","/pages/algemene-voorwaarden"
"/algemene-voorwaarden/","/pages/algemene-voorwaarden"
"/alle-groen-decoratief","/pages/alle-groen-decoratief"
"/alle-groen-decoratief/","/pages/alle-groen-decoratief"
"/alle-rozen","/pages/alle-rozen"
"/alle-rozen/","/pages/alle-rozen"
"/alle-seizoenen-en-feestdagen","/pages/alle-seizoenen-en-feestdagen"
"/alle-seizoenen-en-feestdagen/","/pages/alle-seizoenen-en-feestdagen"
"/alle-soorten-rozen","/pages/alle-soorten-rozen"
"/alle-soorten-rozen/","/pages/alle-soorten-rozen"
"/black-friday","/pages/black-friday"
"/black-friday/","/pages/black-friday"
"/bloemen","/pages/bloemen"
"/bloemen-bestellen-bij-bloemen-van-de-gier","/pages/bloemen-bestellen-bij-bloemen-van-de-gier"
"/bloemen-bestellen-bij-bloemen-van-de-gier/","/pages/bloemen-bestellen-bij-bloemen-van-de-gier"
"/bloemen-bestellen-in-amsterdam","/pages/bloemen-bestellen-in-amsterdam"
"/bloemen-bestellen-in-amsterdam-2","/pages/bloemen-bestellen-in-amsterdam-2"
"/bloemen-bestellen-in-amsterdam-2/","/pages/bloemen-bestellen-in-amsterdam-2"
"/bloemen-bestellen-in-amsterdam/","/pages/bloemen-bestellen-in-amsterdam"
"/bloemen-bestellen-in-den-haag","/pages/bloemen-bestellen-in-den-haag"
"/bloemen-bestellen-in-den-haag/","/pages/bloemen-bestellen-in-den-haag"
"/bloemen-bestellen-in-eindhoven","/pages/bloemen-bestellen-in-eindhoven"
"/bloemen-bestellen-in-eindhoven/","/pages/bloemen-bestellen-in-eindhoven"
"/bloemen-bestellen-in-groningen","/pages/bloemen-bestellen-in-groningen"
"/bloemen-bestellen-in-groningen/","/pages/bloemen-bestellen-in-groningen"
"/bloemen-bestellen-in-maastricht","/pages/bloemen-bestellen-in-maastricht"
"/bloemen-bestellen-in-maastricht/","/pages/bloemen-bestellen-in-maastricht"
"/bloemen-bestellen-in-rotterdam","/pages/bloemen-bestellen-in-rotterdam"
"/bloemen-bestellen-in-rotterdam/","/pages/bloemen-bestellen-in-rotterdam"
"/bloemen-bestellen-in-utrecht","/pages/bloemen-bestellen-in-utrecht"
"/bloemen-bestellen-in-utrecht/","/pages/bloemen-bestellen-in-utrecht"
"/bloemen-bestellen-in-zwolle","/pages/bloemen-bestellen-in-zwolle"
"/bloemen-bestellen-in-zwolle/","/pages/bloemen-bestellen-in-zwolle"
"/bloemen-bezorgen-abcoude","/pages/bloemen-bezorgen-abcoude"
"/bloemen-bezorgen-abcoude/","/pages/bloemen-bezorgen-abcoude"
"/bloemen-bezorgen-almelo","/pages/bloemen-bezorgen-almelo"
"/bloemen-bezorgen-almelo/","/pages/bloemen-bezorgen-almelo"
"/bloemen-bezorgen-amersfoort","/pages/bloemen-bezorgen-amersfoort"
"/bloemen-bezorgen-amersfoort/","/pages/bloemen-bezorgen-amersfoort"
"/bloemen-bezorgen-amstelveen","/pages/bloemen-bezorgen-amstelveen"
"/bloemen-bezorgen-amstelveen/","/pages/bloemen-bezorgen-amstelveen"
"/bloemen-bezorgen-assen","/pages/bloemen-bezorgen-assen"
"/bloemen-bezorgen-assen/","/pages/bloemen-bezorgen-assen"
"/bloemen-bezorgen-barneveld","/pages/bloemen-bezorgen-barneveld"
"/bloemen-bezorgen-barneveld/","/pages/bloemen-bezorgen-barneveld"
"/bloemen-bezorgen-breda","/pages/bloemen-bezorgen-breda"
"/bloemen-bezorgen-breda/","/pages/bloemen-bezorgen-breda"
"/bloemen-bezorgen-coevorden","/pages/bloemen-bezorgen-coevorden"
"/bloemen-bezorgen-coevorden/","/pages/bloemen-bezorgen-coevorden"
"/bloemen-bezorgen-den-bosch","/pages/bloemen-bezorgen-den-bosch"
"/bloemen-bezorgen-den-bosch/","/pages/bloemen-bezorgen-den-bosch"
"/bloemen-bezorgen-deventer","/pages/bloemen-bezorgen-deventer"
"/bloemen-bezorgen-deventer/","/pages/bloemen-bezorgen-deventer"
"/bloemen-bezorgen-door-de-gier","/pages/bloemen-bezorgen-door-de-gier"
"/bloemen-bezorgen-door-de-gier/","/pages/bloemen-bezorgen-door-de-gier"
"/bloemen-bezorgen-drachten","/pages/bloemen-bezorgen-drachten"
"/bloemen-bezorgen-drachten/","/pages/bloemen-bezorgen-drachten"
"/bloemen-bezorgen-dronten","/pages/bloemen-bezorgen-dronten"
"/bloemen-bezorgen-dronten/","/pages/bloemen-bezorgen-dronten"
"/bloemen-bezorgen-ede","/pages/bloemen-bezorgen-ede"
"/bloemen-bezorgen-ede/","/pages/bloemen-bezorgen-ede"
"/bloemen-bezorgen-enschede","/pages/bloemen-bezorgen-enschede"
"/bloemen-bezorgen-enschede/","/pages/bloemen-bezorgen-enschede"
"/bloemen-bezorgen-goes","/pages/bloemen-bezorgen-goes"
"/bloemen-bezorgen-goes/","/pages/bloemen-bezorgen-goes"
"/bloemen-bezorgen-haarlem","/pages/bloemen-bezorgen-haarlem"
"/bloemen-bezorgen-haarlem/","/pages/bloemen-bezorgen-haarlem"
"/bloemen-bezorgen-harlingen","/pages/bloemen-bezorgen-harlingen"
"/bloemen-bezorgen-harlingen/","/pages/bloemen-bezorgen-harlingen"
"/bloemen-bezorgen-heerenveen","/pages/bloemen-bezorgen-heerenveen"
"/bloemen-bezorgen-heerenveen/","/pages/bloemen-bezorgen-heerenveen"
"/bloemen-bezorgen-heerlen","/pages/bloemen-bezorgen-heerlen"
"/bloemen-bezorgen-heerlen/","/pages/bloemen-bezorgen-heerlen"
"/bloemen-bezorgen-helmond","/pages/bloemen-bezorgen-helmond"
"/bloemen-bezorgen-helmond/","/pages/bloemen-bezorgen-helmond"
"/bloemen-bezorgen-hengelo","/pages/bloemen-bezorgen-hengelo"
"/bloemen-bezorgen-hengelo/","/pages/bloemen-bezorgen-hengelo"
"/bloemen-bezorgen-hoogeveen","/pages/bloemen-bezorgen-hoogeveen"
"/bloemen-bezorgen-hoogeveen/","/pages/bloemen-bezorgen-hoogeveen"
"/bloemen-bezorgen-hoogezand","/pages/bloemen-bezorgen-hoogezand"
"/bloemen-bezorgen-hoogezand/","/pages/bloemen-bezorgen-hoogezand"
"/bloemen-bezorgen-in-alkmaar","/pages/bloemen-bezorgen-in-alkmaar"
"/bloemen-bezorgen-in-alkmaar/","/pages/bloemen-bezorgen-in-alkmaar"
"/bloemen-bezorgen-in-almere","/pages/bloemen-bezorgen-in-almere"
"/bloemen-bezorgen-in-almere/","/pages/bloemen-bezorgen-in-almere"
"/bloemen-bezorgen-in-apeldoorn","/pages/bloemen-bezorgen-in-apeldoorn"
"/bloemen-bezorgen-in-apeldoorn/","/pages/bloemen-bezorgen-in-apeldoorn"
"/bloemen-bezorgen-in-arnhem","/pages/bloemen-bezorgen-in-arnhem"
"/bloemen-bezorgen-in-arnhem/","/pages/bloemen-bezorgen-in-arnhem"
"/bloemen-bezorgen-in-den-haag","/pages/bloemen-bezorgen-in-den-haag"
"/bloemen-bezorgen-in-den-haag/","/pages/bloemen-bezorgen-in-den-haag"
"/bloemen-bezorgen-in-dordrecht","/pages/bloemen-bezorgen-in-dordrecht"
"/bloemen-bezorgen-in-dordrecht/","/pages/bloemen-bezorgen-in-dordrecht"
"/bloemen-bezorgen-in-eindhoven","/pages/bloemen-bezorgen-in-eindhoven"
"/bloemen-bezorgen-in-eindhoven/","/pages/bloemen-bezorgen-in-eindhoven"
"/bloemen-bezorgen-in-emmen","/pages/bloemen-bezorgen-in-emmen"
"/bloemen-bezorgen-in-emmen/","/pages/bloemen-bezorgen-in-emmen"
"/bloemen-bezorgen-in-gouda","/pages/bloemen-bezorgen-in-gouda"
"/bloemen-bezorgen-in-gouda/","/pages/bloemen-bezorgen-in-gouda"
"/bloemen-bezorgen-in-groningen","/pages/bloemen-bezorgen-in-groningen"
"/bloemen-bezorgen-in-groningen/","/pages/bloemen-bezorgen-in-groningen"
"/bloemen-bezorgen-in-maastricht","/pages/bloemen-bezorgen-in-maastricht"
"/bloemen-bezorgen-in-maastricht/","/pages/bloemen-bezorgen-in-maastricht"
"/bloemen-bezorgen-in-nijmegen","/pages/bloemen-bezorgen-in-nijmegen"
"/bloemen-bezorgen-in-nijmegen/","/pages/bloemen-bezorgen-in-nijmegen"
"/bloemen-bezorgen-in-rotterdam","/pages/bloemen-bezorgen-in-rotterdam"
"/bloemen-bezorgen-in-rotterdam/","/pages/bloemen-bezorgen-in-rotterdam"
"/bloemen-bezorgen-in-tilburg","/pages/bloemen-bezorgen-in-tilburg"
"/bloemen-bezorgen-in-tilburg/","/pages/bloemen-bezorgen-in-tilburg"
"/bloemen-bezorgen-in-utrecht","/pages/bloemen-bezorgen-in-utrecht"
"/bloemen-bezorgen-in-utrecht/","/pages/bloemen-bezorgen-in-utrecht"
"/bloemen-bezorgen-in-zaandam","/pages/bloemen-bezorgen-in-zaandam"
"/bloemen-bezorgen-in-zaandam/","/pages/bloemen-bezorgen-in-zaandam"
"/bloemen-bezorgen-in-zoetermeer","/pages/bloemen-bezorgen-in-zoetermeer"
"/bloemen-bezorgen-in-zoetermeer/","/pages/bloemen-bezorgen-in-zoetermeer"
"/bloemen-bezorgen-kerkrade","/pages/bloemen-bezorgen-kerkrade"
"/bloemen-bezorgen-kerkrade/","/pages/bloemen-bezorgen-kerkrade"
"/bloemen-bezorgen-leeuwarden","/pages/bloemen-bezorgen-leeuwarden"
"/bloemen-bezorgen-leeuwarden/","/pages/bloemen-bezorgen-leeuwarden"
"/bloemen-bezorgen-leiden","/pages/bloemen-bezorgen-leiden"
"/bloemen-bezorgen-leiden/","/pages/bloemen-bezorgen-leiden"
"/bloemen-bezorgen-lelystad","/pages/bloemen-bezorgen-lelystad"
"/bloemen-bezorgen-lelystad/","/pages/bloemen-bezorgen-lelystad"
"/bloemen-bezorgen-meppel","/pages/bloemen-bezorgen-meppel"
"/bloemen-bezorgen-meppel/","/pages/bloemen-bezorgen-meppel"
"/bloemen-bezorgen-middelburg","/pages/bloemen-bezorgen-middelburg"
"/bloemen-bezorgen-middelburg/","/pages/bloemen-bezorgen-middelburg"
"/bloemen-bezorgen-nieuwegein","/pages/bloemen-bezorgen-nieuwegein"
"/bloemen-bezorgen-nieuwegein/","/pages/bloemen-bezorgen-nieuwegein"
"/bloemen-bezorgen-purmerend","/pages/bloemen-bezorgen-purmerend"
"/bloemen-bezorgen-purmerend/","/pages/bloemen-bezorgen-purmerend"
"/bloemen-bezorgen-sittard","/pages/bloemen-bezorgen-sittard"
"/bloemen-bezorgen-sittard/","/pages/bloemen-bezorgen-sittard"
"/bloemen-bezorgen-stadskanaal","/pages/bloemen-bezorgen-stadskanaal"
"/bloemen-bezorgen-stadskanaal/","/pages/bloemen-bezorgen-stadskanaal"
"/bloemen-bezorgen-terneuzen","/pages/bloemen-bezorgen-terneuzen"
"/bloemen-bezorgen-terneuzen/","/pages/bloemen-bezorgen-terneuzen"
"/bloemen-bezorgen-veendam","/pages/bloemen-bezorgen-veendam"
"/bloemen-bezorgen-veendam/","/pages/bloemen-bezorgen-veendam"
"/bloemen-bezorgen-venlo","/pages/bloemen-bezorgen-venlo"
"/bloemen-bezorgen-venlo/","/pages/bloemen-bezorgen-venlo"
"/bloemen-bezorgen-vianen","/pages/bloemen-bezorgen-vianen"
"/bloemen-bezorgen-vianen/","/pages/bloemen-bezorgen-vianen"
"/bloemen-bezorgen-vlissingen","/pages/bloemen-bezorgen-vlissingen"
"/bloemen-bezorgen-vlissingen/","/pages/bloemen-bezorgen-vlissingen"
"/bloemen-bezorgen-winschoten","/pages/bloemen-bezorgen-winschoten"
"/bloemen-bezorgen-winschoten/","/pages/bloemen-bezorgen-winschoten"
"/bloemen-bezorgen-zierikzee","/pages/bloemen-bezorgen-zierikzee"
"/bloemen-bezorgen-zierikzee/","/pages/bloemen-bezorgen-zierikzee"
"/bloemen-bezorgen-zwolle","/pages/bloemen-bezorgen-zwolle"
"/bloemen-bezorgen-zwolle/","/pages/bloemen-bezorgen-zwolle"
"/bloemen-en-planten-met-kerst","/pages/bloemen-en-planten-met-kerst"
"/bloemen-en-planten-met-kerst/","/pages/bloemen-en-planten-met-kerst"
"/bloemen-internationale-vrouwendag","/pages/bloemen-internationale-vrouwendag"
"/bloemen-internationale-vrouwendag/","/pages/bloemen-internationale-vrouwendag"
"/bloemen-kopen","/pages/bloemen-kopen"
"/bloemen-kopen/","/pages/bloemen-kopen"
"/bloemen-laten-bezorgen","/pages/bloemen-laten-bezorgen"
"/bloemen-laten-bezorgen-in-nederland","/pages/bloemen-laten-bezorgen-in-nederland"
"/bloemen-laten-bezorgen-in-nederland/","/pages/bloemen-laten-bezorgen-in-nederland"
"/bloemen-laten-bezorgen/","/pages/bloemen-laten-bezorgen"
"/bloemen-per-soort","/pages/bloemen-per-soort"
"/bloemen-per-soort/","/pages/bloemen-per-soort"
"/bloemen-secretaressedag","/pages/bloemen-secretaressedag"
"/bloemen-secretaressedag/","/pages/bloemen-secretaressedag"
"/bloemen-sturen","/pages/bloemen-sturen"
"/bloemen-sturen/","/pages/bloemen-sturen"
"/bloemen-verzorging","/pages/bloemen-verzorging"
"/bloemen-verzorging/","/pages/bloemen-verzorging"
"/bloemen-voor-jouw-geliefde-bij-de-gier","/pages/bloemen-voor-jouw-geliefde-bij-de-gier"
"/bloemen-voor-jouw-geliefde-bij-de-gier/","/pages/bloemen-voor-jouw-geliefde-bij-de-gier"
"/bloemen/","/pages/bloemen"
"/bloemenbundels","/pages/bloemenbundels"
"/bloemenbundels/","/pages/bloemenbundels"
"/bloemenmand","/cart"
"/bloemenmand-2","/cart"
"/bloemenmand-2/","/cart"
"/bloemenmand/","/cart"
"/bloemenpakketten","/pages/bloemenpakketten"
"/bloemenpakketten/","/pages/bloemenpakketten"
"/bloemenwinkel-zuidwolde","/pages/bloemenwinkel-zuidwolde"
"/bloemenwinkel-zuidwolde/","/pages/bloemenwinkel-zuidwolde"
"/bloemist-emmen","/pages/bloemist-emmen"
"/bloemist-emmen/","/pages/bloemist-emmen"
"/bloemist-hoogeveen","/pages/bloemist-hoogeveen"
"/bloemist-hoogeveen/","/pages/bloemist-hoogeveen"
"/blog","/blogs/nieuws"
"/blog/","/blogs/nieuws"
"/boeket-bestellen-voor-moederdag","/pages/boeket-bestellen-voor-moederdag"
"/boeket-bestellen-voor-moederdag/","/pages/boeket-bestellen-voor-moederdag"
"/boeket-bezorgen","/pages/boeket-bezorgen"
"/boeket-bezorgen/","/pages/boeket-bezorgen"
"/boeket-bloemen-bestellen","/pages/boeket-bloemen-bestellen"
"/boeket-bloemen-bestellen/","/pages/boeket-bloemen-bestellen"
"/boeketten","/pages/boeketten"
"/boeketten-bestellen-in-amsterdam","/pages/boeketten-bestellen-in-amsterdam"
"/boeketten-bestellen-in-amsterdam/","/pages/boeketten-bestellen-in-amsterdam"
"/boeketten-bestellen-in-den-haag","/pages/boeketten-bestellen-in-den-haag"
"/boeketten-bestellen-in-den-haag/","/pages/boeketten-bestellen-in-den-haag"
"/boeketten-bestellen-in-eindhoven","/pages/boeketten-bestellen-in-eindhoven"
"/boeketten-bestellen-in-eindhoven/","/pages/boeketten-bestellen-in-eindhoven"
"/boeketten-bestellen-in-groningen","/pages/boeketten-bestellen-in-groningen"
"/boeketten-bestellen-in-groningen/","/pages/boeketten-bestellen-in-groningen"
"/boeketten-bestellen-in-maastricht","/pages/boeketten-bestellen-in-maastricht"
"/boeketten-bestellen-in-maastricht/","/pages/boeketten-bestellen-in-maastricht"
"/boeketten-bestellen-in-rotterdam","/pages/boeketten-bestellen-in-rotterdam"
"/boeketten-bestellen-in-rotterdam/","/pages/boeketten-bestellen-in-rotterdam"
"/boeketten-bestellen-in-utrecht","/pages/boeketten-bestellen-in-utrecht"
"/boeketten-bestellen-in-utrecht/","/pages/boeketten-bestellen-in-utrecht"
"/boeketten-bestellen-in-zwolle","/pages/boeketten-bestellen-in-zwolle"
"/boeketten-bestellen-in-zwolle/","/pages/boeketten-bestellen-in-zwolle"
"/boeketten/","/pages/boeketten"
"/bossen-bloemen-bij-de-gier","/pages/bossen-bloemen-bij-de-gier"
"/bossen-bloemen-bij-de-gier/","/pages/bossen-bloemen-bij-de-gier"
"/bruiloft-bundels","/pages/bruiloft-bundels"
"/bruiloft-bundels/","/pages/bruiloft-bundels"
"/cadeau-voor-haar","/pages/cadeau-voor-haar"
"/cadeau-voor-haar/","/pages/cadeau-voor-haar"
"/category/blog","/blogs/nieuws/tagged/blog"
"/category/blog/","/blogs/nieuws/tagged/blog"
"/category/blog/rode-rozen","/blogs/nieuws/tagged/blog/rode-rozen"
"/category/blog/rode-rozen/","/blogs/nieuws/tagged/blog/rode-rozen"
"/category/uncategorized","/blogs/nieuws/tagged/uncategorized"
"/category/uncategorized/","/blogs/nieuws/tagged/uncategorized"
"/category/usp","/blogs/nieuws/tagged/usp"
"/category/usp/","/blogs/nieuws/tagged/usp"
"/checkout","/cart"
"/checkout/","/cart"
"/contact-opnemen","/pages/contact-opnemen"
"/contact-opnemen/","/pages/contact-opnemen"
"/droogbloemen","/pages/droogbloemen"
"/droogbloemen/","/pages/droogbloemen"
"/een-cadeau-voor-moederdag","/pages/een-cadeau-voor-moederdag"
"/een-cadeau-voor-moederdag/","/pages/een-cadeau-voor-moederdag"
"/exclusieve-boeketten","/pages/exclusieve-boeketten"
"/exclusieve-boeketten/","/pages/exclusieve-boeketten"
"/familiebedrijf-sinds-1955","/blogs/nieuws/familiebedrijf-sinds-1955"
"/familiebedrijf-sinds-1955/","/blogs/nieuws/familiebedrijf-sinds-1955"
"/gele-rozen","/pages/gele-rozen"
"/gele-rozen/","/pages/gele-rozen"
"/gemengde-rozen","/pages/gemengde-rozen"
"/gemengde-rozen/","/pages/gemengde-rozen"
"/geslaagd-bloemen","/pages/geslaagd-bloemen"
"/geslaagd-bloemen/","/pages/geslaagd-bloemen"
"/giga-kerst-leegverkoop","/pages/giga-kerst-leegverkoop"
"/giga-kerst-leegverkoop/","/pages/giga-kerst-leegverkoop"
"/gipskruid-bij-bloemen-van-de-gier","/pages/gipskruid-bij-bloemen-van-de-gier"
"/gipskruid-bij-bloemen-van-de-gier/","/pages/gipskruid-bij-bloemen-van-de-gier"
"/gipskruid-kopen-bij-de-gier","/pages/gipskruid-kopen-bij-de-gier"
"/gipskruid-kopen-bij-de-gier/","/pages/gipskruid-kopen-bij-de-gier"
"/glazen-vazen-bestellen","/pages/glazen-vazen-bestellen"
"/glazen-vazen-bestellen/","/pages/glazen-vazen-bestellen"
"/groen-decoratief","/pages/groen-decoratief"
"/groen-decoratief/","/pages/groen-decoratief"
"/herfstbloemen","/pages/herfstbloemen"
"/herfstbloemen/","/pages/herfstbloemen"
"/home","/"
"/home/","/"
"/internationale-vrouwendag-bloemen","/pages/internationale-vrouwendag-bloemen"
"/internationale-vrouwendag-bloemen/","/pages/internationale-vrouwendag-bloemen"
"/kerst-bij-de-gier","/pages/kerst-bij-de-gier"
"/kerst-bij-de-gier/","/pages/kerst-bij-de-gier"
"/kerst-deals","/pages/kerst-deals"
"/kerst-deals/","/pages/kerst-deals"
"/kerstbloemen","/pages/kerstbloemen"
"/kerstbloemen-van-de-gier","/pages/kerstbloemen-van-de-gier"
"/kerstbloemen-van-de-gier/","/pages/kerstbloemen-van-de-gier"
"/kerstbloemen/","/pages/kerstbloemen"
"/klachtenregeling","/pages/klachtenregeling"
"/klachtenregeling/","/pages/klachtenregeling"
"/klantbeoordelingen","/pages/klantbeoordelingen"
"/klantbeoordelingen/","/pages/klantbeoordelingen"
"/kleurrijke-bloemen","/pages/kleurrijke-bloemen"
"/kleurrijke-bloemen/","/pages/kleurrijke-bloemen"
"/koningsdag","/pages/koningsdag"
"/koningsdag/","/pages/koningsdag"
"/krans-maken-2","/pages/krans-maken-2"
"/krans-maken-2/","/pages/krans-maken-2"
"/locaties-in-nederland","/pages/locaties-in-nederland"
"/locaties-in-nederland/","/pages/locaties-in-nederland"
"/mijn-account","/account"
"/mijn-account/","/account"
"/moederdag-bloemen","/pages/moederdag-bloemen"
"/moederdag-bloemen/","/pages/moederdag-bloemen"
"/moederdag-cadeau","/pages/moederdag-cadeau"
"/moederdag-cadeau/","/pages/moederdag-cadeau"
"/moederdag-rozen","/pages/moederdag-rozen"
"/moederdag-rozen/","/pages/moederdag-rozen"
"/nieuwjaar-deals","/pages/nieuwjaar-deals"
"/nieuwjaar-deals/","/pages/nieuwjaar-deals"
"/olijfbomen","/pages/olijfbomen"
"/olijfbomen/","/pages/olijfbomen"
"/paasbloemen-bij-de-gier","/pages/paasbloemen-bij-de-gier"
"/paasbloemen-bij-de-gier/","/pages/paasbloemen-bij-de-gier"
"/pasen","/pages/pasen"
"/pasen/","/pages/pasen"
"/pioenrozen-bestellen-bij-de-gier","/pages/pioenrozen-bestellen-bij-de-gier"
"/pioenrozen-bestellen-bij-de-gier/","/pages/pioenrozen-bestellen-bij-de-gier"
"/pioenrozen-bij-de-gier","/pages/pioenrozen-bij-de-gier"
"/pioenrozen-bij-de-gier/","/pages/pioenrozen-bij-de-gier"
"/plukboeketten-bestellen","/pages/plukboeketten-bestellen"
"/plukboeketten-bestellen/","/pages/plukboeketten-bestellen"
"/privacy-verklaring-2","/pages/privacy-verklaring-2"
"/privacy-verklaring-2/","/pages/privacy-verklaring-2"
"/product-categorie/alle-boeketten","/collections/alle-boeketten"
"/product-categorie/alle-boeketten-rozen","/collections/alle-boeketten-rozen"
"/product-categorie/alle-boeketten-rozen/","/collections/alle-boeketten-rozen"
"/product-categorie/alle-boeketten/","/collections/alle-boeketten"
"/product-categorie/alle-groen-decoratief","/collections/alle-groen-decoratief"
"/product-categorie/alle-groen-decoratief/","/collections/alle-groen-decoratief"
"/product-categorie/allium","/collections/allium"
"/product-categorie/allium/","/collections/allium"
"/product-categorie/alliums","/collections/alliums"
"/product-categorie/alliums/","/collections/alliums"
"/product-categorie/alstroemeria-s","/collections/alstroemeria-s"
"/product-categorie/alstroemeria-s/","/collections/alstroemeria-s"
"/product-categorie/alstroemerias","/collections/alstroemerias"
"/product-categorie/alstroemerias/","/collections/alstroemerias"
"/product-categorie/amaryllis","/collections/amaryllis"
"/product-categorie/amaryllis/","/collections/amaryllis"
"/product-categorie/asparagus-takken","/collections/asparagus-takken"
"/product-categorie/asparagus-takken/","/collections/asparagus-takken"
"/product-categorie/bedankje","/collections/bedankje"
"/product-categorie/bedankje/","/collections/bedankje"
"/product-categorie/beterschap","/collections/beterschap"
"/product-categorie/beterschap/","/collections/beterschap"
"/product-categorie/bloemen-bezorgen","/collections/bloemen-bezorgen"
"/product-categorie/bloemen-bezorgen/","/collections/bloemen-bezorgen"
"/product-categorie/bloemen-sturen-geliefde","/collections/bloemen-sturen-geliefde"
"/product-categorie/bloemen-sturen-geliefde/","/collections/bloemen-sturen-geliefde"
"/product-categorie/bloemenbon","/collections/bloemenbon"
"/product-categorie/bloemenbon/","/collections/bloemenbon"
"/product-categorie/bloemenbundels","/collections/bloemenbundels"
"/product-categorie/bloemenbundels/","/collections/bloemenbundels"
"/product-categorie/bloemenpakketten","/collections/bloemenpakketten"
"/product-categorie/bloemenpakketten/","/collections/bloemenpakketten"
"/product-categorie/boeket-bloemen","/collections/boeket-bloemen"
"/product-categorie/boeket-bloemen/","/collections/boeket-bloemen"
"/product-categorie/boeket-bloemen/rozen","/collections/rozen"
"/product-categorie/boeket-bloemen/rozen/","/collections/rozen"
"/product-categorie/bossen-bloemen-per-soort","/collections/bossen-bloemen-per-soort"
"/product-categorie/bossen-bloemen-per-soort/","/collections/bossen-bloemen-per-soort"
"/product-categorie/brievenbus-tulpen","/collections/brievenbus-tulpen"
"/product-categorie/brievenbus-tulpen/","/collections/brievenbus-tulpen"
"/product-categorie/bruiloft-bundels","/collections/bruiloft-bundels"
"/product-categorie/bruiloft-bundels/","/collections/bruiloft-bundels"
"/product-categorie/campanula","/collections/campanula"
"/product-categorie/campanula-s","/collections/campanula-s"
"/product-categorie/campanula-s/","/collections/campanula-s"
"/product-categorie/campanula/","/collections/campanula"
"/product-categorie/categorie-chiel","/collections/categorie-chiel"
"/product-categorie/categorie-chiel/","/collections/categorie-chiel"
"/product-categorie/chrysanten","/collections/chrysanten"
"/product-categorie/chrysanten/","/collections/chrysanten"
"/product-categorie/dadeltakken","/collections/dadeltakken"
"/product-categorie/dadeltakken/","/collections/dadeltakken"
"/product-categorie/diplocyclos","/collections/diplocyclos"
"/product-categorie/diplocyclos/","/collections/diplocyclos"
"/product-categorie/droogbloemen","/collections/droogbloemen"
"/product-categorie/droogbloemen/","/collections/droogbloemen"
"/product-categorie/dubbele-tulpen","/collections/dubbele-tulpen"
"/product-categorie/dubbele-tulpen/","/collections/dubbele-tulpen"
"/product-categorie/emmer-bloemen","/collections/emmer-bloemen"
"/product-categorie/emmer-bloemen/","/collections/emmer-bloemen"
"/product-categorie/enkele-tulpen","/collections/enkele-tulpen"
"/product-categorie/enkele-tulpen/","/collections/enkele-tulpen"
"/product-categorie/eucalyptus","/collections/eucalyptus"
"/product-categorie/eucalyptus/","/collections/eucalyptus"
"/product-categorie/extra","/collections/extra"
"/product-categorie/extra/","/collections/extra"
"/product-categorie/fijn-bladgroen","/collections/fijn-bladgroen"
"/product-categorie/fijn-bladgroen/","/collections/fijn-bladgroen"
"/product-categorie/freesia-s","/collections/freesia-s"
"/product-categorie/freesia-s/","/collections/freesia-s"
"/product-categorie/freesias","/collections/freesias"
"/product-categorie/freesias/","/collections/freesias"
"/product-categorie/geboorte","/collections/geboorte"
"/product-categorie/geboorte/","/collections/geboorte"
"/product-categorie/geen-categorie","/collections/geen-categorie"
"/product-categorie/geen-categorie/","/collections/geen-categorie"
"/product-categorie/gekleurde-kerstbomen","/collections/gekleurde-kerstbomen"
"/product-categorie/gekleurde-kerstbomen/","/collections/gekleurde-kerstbomen"
"/product-categorie/geliefde","/collections/geliefde"
"/product-categorie/geliefde/","/collections/geliefde"
"/product-categorie/gerbera-s","/collections/gerbera-s"
"/product-categorie/gerbera-s/","/collections/gerbera-s"
"/product-categorie/gerberas","/collections/gerberas"
"/product-categorie/gerberas/","/collections/gerberas"
"/product-categorie/gipskruid","/collections/gipskruid"
"/product-categorie/gipskruid/","/collections/gipskruid"
"/product-categorie/glitter-glamour","/collections/glitter-glamour"
"/product-categorie/glitter-glamour/","/collections/glitter-glamour"
"/product-categorie/groen-decoratief","/collections/groen-decoratief"
"/product-categorie/groen-decoratief/","/collections/groen-decoratief"
"/product-categorie/grof-bladgroen","/collections/grof-bladgroen"
"/product-categorie/grof-bladgroen/","/collections/grof-bladgroen"
"/product-categorie/guirlande","/collections/guirlande"
"/product-categorie/guirlande/","/collections/guirlande"
"/product-categorie/guirlandes","/collections/guirlandes"
"/product-categorie/guirlandes/","/collections/guirlandes"
"/product-categorie/herfstbloemen","/collections/herfstbloemen"
"/product-categorie/herfstbloemen/","/collections/herfstbloemen"
"/product-categorie/hollandse-klassiekers","/collections/hollandse-klassiekers"
"/product-categorie/hollandse-klassiekers/","/collections/hollandse-klassiekers"
"/product-categorie/hortensia-s","/collections/hortensia-s"
"/product-categorie/hortensia-s/","/collections/hortensia-s"
"/product-categorie/hortensias","/collections/hortensias"
"/product-categorie/hortensias/","/collections/hortensias"
"/product-categorie/hyacinten","/collections/hyacinten"
"/product-categorie/hyacinten/","/collections/hyacinten"
"/product-categorie/ik-zoek-een-boeket-voor-bedankje","/collections/ik-zoek-een-boeket-voor-bedankje"
"/product-categorie/ik-zoek-een-boeket-voor-bedankje/","/collections/ik-zoek-een-boeket-voor-bedankje"
"/product-categorie/ik-zoek-een-boeket-voor-beterschap","/collections/ik-zoek-een-boeket-voor-beterschap"
"/product-categorie/ik-zoek-een-boeket-voor-beterschap/","/collections/ik-zoek-een-boeket-voor-beterschap"
"/product-categorie/ik-zoek-een-boeket-voor-geboorte","/collections/ik-zoek-een-boeket-voor-geboorte"
"/product-categorie/ik-zoek-een-boeket-voor-geboorte/","/collections/ik-zoek-een-boeket-voor-geboorte"
"/product-categorie/ik-zoek-een-boeket-voor-geliefde","/collections/ik-zoek-een-boeket-voor-geliefde"
"/product-categorie/ik-zoek-een-boeket-voor-geliefde/","/collections/ik-zoek-een-boeket-voor-geliefde"
"/product-categorie/ik-zoek-een-boeket-voor-verjaardag","/collections/ik-zoek-een-boeket-voor-verjaardag"
"/product-categorie/ik-zoek-een-boeket-voor-verjaardag/","/collections/ik-zoek-een-boeket-voor-verjaardag"
"/product-categorie/kerst","/collections/kerst"
"/product-categorie/kerst-kerstboeketten","/collections/kerst-kerstboeketten"
"/product-categorie/kerst-kerstboeketten/","/collections/kerst-kerstboeketten"
"/product-categorie/kerst-kerstgroen","/collections/kerst-kerstgroen"
"/product-categorie/kerst-kerstgroen/","/collections/kerst-kerstgroen"
"/product-categorie/kerst-knallers","/collections/kerst-knallers"
"/product-categorie/kerst-knallers/","/collections/kerst-knallers"
"/product-categorie/kerst/","/collections/kerst"
"/product-categorie/kerst/guirlande","/collections/kerst-guirlande"
"/product-categorie/kerst/guirlande/","/collections/kerst-guirlande"
"/product-categorie/kerst/kerst-glitter-glamour","/collections/kerst-kerst-glitter-glamour"
"/product-categorie/kerst/kerst-glitter-glamour/","/collections/kerst-kerst-glitter-glamour"
"/product-categorie/kerst/kerstgroen","/collections/kerst-kerstgroen"
"/product-categorie/kerst/kerstgroen/","/collections/kerst-kerstgroen"
"/product-categorie/kerst/kerstkransen","/collections/kerstkransen"
"/product-categorie/kerst/kerstkransen/","/collections/kerstkransen"
"/product-categorie/kerst/kleine-kerstbomen","/collections/kleine-kerstbomen"
"/product-categorie/kerst/kleine-kerstbomen/","/collections/kleine-kerstbomen"
"/product-categorie/kerstboeketten","/collections/kerstboeketten"
"/product-categorie/kerstboeketten/","/collections/kerstboeketten"
"/product-categorie/kerstgroen","/collections/kerstgroen"
"/product-categorie/kerstgroen/","/collections/kerstgroen"
"/product-categorie/kerstkransen","/collections/kerstkransen"
"/product-categorie/kerstkransen/","/collections/kerstkransen"
"/product-categorie/kerststukjes","/collections/kerststukjes"
"/product-categorie/kerststukjes/","/collections/kerststukjes"
"/product-categorie/kersttakken","/collections/kersttakken"
"/product-categorie/kersttakken/","/collections/kersttakken"
"/product-categorie/klassieke-boeketten","/collections/klassieke-boeketten"
"/product-categorie/klassieke-boeketten/","/collections/klassieke-boeketten"
"/product-categorie/kleine-kerstbomen","/collections/kleine-kerstbomen"
"/product-categorie/kleine-kerstbomen/","/collections/kleine-kerstbomen"
"/product-categorie/krans-maken","/collections/krans-maken"
"/product-categorie/krans-maken/","/collections/krans-maken"
"/product-categorie/kransen","/collections/kransen"
"/product-categorie/kransen/","/collections/kransen"
"/product-categorie/lelies","/collections/lelies"
"/product-categorie/lelies/","/collections/lelies"
"/product-categorie/lisianthus","/collections/lisianthus"
"/product-categorie/lisianthus/","/collections/lisianthus"
"/product-categorie/mega-kerst-deals","/collections/mega-kerst-deals"
"/product-categorie/mega-kerst-deals/","/collections/mega-kerst-deals"
"/product-categorie/moederdag-cadeau","/collections/moederdag-cadeau"
"/product-categorie/moederdag-cadeau/","/collections/moederdag-cadeau"
"/product-categorie/moederdagcadeau","/collections/moederdagcadeau"
"/product-categorie/moederdagcadeau/","/collections/moederdagcadeau"
"/product-categorie/mos-kopen","/collections/mos-kopen"
"/product-categorie/mos-kopen/","/collections/mos-kopen"
"/product-categorie/mossen","/collections/mossen"
"/product-categorie/mossen/","/collections/mossen"
"/product-categorie/olijfbomen","/collections/olijfbomen"
"/product-categorie/olijfbomen/","/collections/olijfbomen"
"/product-categorie/pampasgras-pluimen","/collections/pampasgras-pluimen"
"/product-categorie/pampasgras-pluimen/","/collections/pampasgras-pluimen"
"/product-categorie/pasen","/collections/pasen"
"/product-categorie/pasen/","/collections/pasen"
"/product-categorie/pepperberries","/collections/pepperberries"
"/product-categorie/pepperberries/","/collections/pepperberries"
"/product-categorie/pioenrozen","/collections/pioenrozen"
"/product-categorie/pioenrozen/","/collections/pioenrozen"
"/product-categorie/plukboeket","/collections/plukboeket"
"/product-categorie/plukboeket/","/collections/plukboeket"
"/product-categorie/plukboeketten","/collections/plukboeketten"
"/product-categorie/plukboeketten/","/collections/plukboeketten"
"/product-categorie/ranonkels","/collections/ranonkels"
"/product-categorie/ranonkels/","/collections/ranonkels"
"/product-categorie/rozen","/collections/rozen"
"/product-categorie/rozen-boeketten","/collections/rozen-boeketten"
"/product-categorie/rozen-boeketten/","/collections/rozen-boeketten"
"/product-categorie/rozen/","/collections/rozen"
"/product-categorie/rozenbottels","/collections/rozenbottels"
"/product-categorie/rozenbottels/","/collections/rozenbottels"
"/product-categorie/schors","/collections/schors"
"/product-categorie/schors/","/collections/schors"
"/product-categorie/secretaressedag","/collections/secretaressedag"
"/product-categorie/secretaressedag/","/collections/secretaressedag"
"/product-categorie/seizoensboeketten","/collections/seizoensboeketten"
"/product-categorie/seizoensboeketten/","/collections/seizoensboeketten"
"/product-categorie/takken","/collections/takken"
"/product-categorie/takken/","/collections/takken"
"/product-categorie/tulpen","/collections/tulpen"
"/product-categorie/tulpen-boeketten","/collections/tulpen-boeketten"
"/product-categorie/tulpen-boeketten/","/collections/tulpen-boeketten"
"/product-categorie/tulpen-kopen","/collections/tulpen-kopen"
"/product-categorie/tulpen-kopen/","/collections/tulpen-kopen"
"/product-categorie/tulpen/","/collections/tulpen"
"/product-categorie/uncategorized","/collections/uncategorized"
"/product-categorie/uncategorized/","/collections/uncategorized"
"/product-categorie/vazen","/collections/vazen"
"/product-categorie/vazen/","/collections/vazen"
"/product-categorie/verjaardag","/collections/verjaardag"
"/product-categorie/verjaardag/","/collections/verjaardag"
"/product-categorie/voorjaarsbloemen","/collections/voorjaarsbloemen"
"/product-categorie/voorjaarsbloemen/","/collections/voorjaarsbloemen"
"/product-categorie/voorjaarstakken","/collections/voorjaarstakken"
"/product-categorie/voorjaarstakken/","/collections/voorjaarstakken"
"/product-categorie/wax-amaryllis","/collections/wax-amaryllis"
"/product-categorie/wax-amaryllis/","/collections/wax-amaryllis"
"/product-categorie/weekdeals","/collections/weekdeals"
"/product-categorie/weekdeals/","/collections/weekdeals"
"/product-categorie/wilde-tijm","/collections/wilde-tijm"
"/product-categorie/wilde-tijm/","/collections/wilde-tijm"
"/product-categorie/zonnebloemen","/collections/zonnebloemen"
"/product-categorie/zonnebloemen-in-vaas","/collections/zonnebloemen-in-vaas"
"/product-categorie/zonnebloemen-in-vaas/","/collections/zonnebloemen-in-vaas"
"/product-categorie/zonnebloemen/","/collections/zonnebloemen"
"/product/10-bossen-pistache","/products/10-bossen-pistache"
"/product/10-bossen-pistache/","/products/10-bossen-pistache"
"/product/10-rode-rozen-xl-red-naomi","/products/10-rode-rozen-xl-red-naomi"
"/product/10-rode-rozen-xl-red-naomi/","/products/10-rode-rozen-xl-red-naomi"
"/product/10-roze-rozen-xxl-sweet-pink","/products/10-roze-rozen-xxl-sweet-pink"
"/product/10-roze-rozen-xxl-sweet-pink/","/products/10-roze-rozen-xxl-sweet-pink"
"/product/10-witte-rozen-xxl-avalanche","/products/10-witte-rozen-xxl-avalanche"
"/product/10-witte-rozen-xxl-avalanche/","/products/10-witte-rozen-xxl-avalanche"
"/product/100-gele-rozen","/products/100-gele-rozen"
"/product/100-gele-rozen/","/products/100-gele-rozen"
"/product/100-rode-rozen","/products/100-rode-rozen"
"/product/100-rode-rozen-xl-red-naomi","/products/100-rode-rozen-xl-red-naomi"
"/product/100-rode-rozen-xl-red-naomi/","/products/100-rode-rozen-xl-red-naomi"
"/product/100-rode-rozen/","/products/100-rode-rozen"
"/product/100-roze-rozen","/products/100-roze-rozen"
"/product/100-roze-rozen-xxl-sweet-pink","/products/100-roze-rozen-xxl-sweet-pink"
"/product/100-roze-rozen-xxl-sweet-pink/","/products/100-roze-rozen-xxl-sweet-pink"
"/product/100-roze-rozen/","/products/100-roze-rozen"
"/product/100-witte-rozen","/products/100-witte-rozen"
"/product/100-witte-rozen-xxl-avalanche","/products/100-witte-rozen-xxl-avalanche"
"/product/100-witte-rozen-xxl-avalanche/","/products/100-witte-rozen-xxl-avalanche"
"/product/100-witte-rozen/","/products/100-witte-rozen"
"/product/1000-rode-rozen-bestellen","/products/1000-rode-rozen-bestellen"
"/product/1000-rode-rozen-bestellen/","/products/1000-rode-rozen-bestellen"
"/product/10x-nobilis-kerstboom-50cm-bulkdeal","/products/10x-nobilis-kerstboom-50cm-bulkdeal"
"/product/10x-nobilis-kerstboom-50cm-bulkdeal/","/products/10x-nobilis-kerstboom-50cm-bulkdeal"
"/product/120-rode-rozen-1-witte-hart-in-het-midden","/products/120-rode-rozen-1-witte-hart-in-het-midden"
"/product/120-rode-rozen-1-witte-hart-in-het-midden/","/products/120-rode-rozen-1-witte-hart-in-het-midden"
"/product/20-rode-rozen-xl-red-naomi","/products/20-rode-rozen-xl-red-naomi"
"/product/20-rode-rozen-xl-red-naomi/","/products/20-rode-rozen-xl-red-naomi"
"/product/20-roze-rozen-xxl-sweet-pink","/products/20-roze-rozen-xxl-sweet-pink"
"/product/20-roze-rozen-xxl-sweet-pink/","/products/20-roze-rozen-xxl-sweet-pink"
"/product/20-witte-rozen-xxl-avalanche","/products/20-witte-rozen-xxl-avalanche"
"/product/20-witte-rozen-xxl-avalanche/","/products/20-witte-rozen-xxl-avalanche"
"/product/25-rode-rozen","/products/25-rode-rozen"
"/product/25-rode-rozen/","/products/25-rode-rozen"
"/product/3-bossen-pepperberries-verrassingskleur","/products/3-bossen-pepperberries-verrassingskleur"
"/product/3-bossen-pepperberries-verrassingskleur/","/products/3-bossen-pepperberries-verrassingskleur"
"/product/30-gele-rozen","/products/30-gele-rozen"
"/product/30-gele-rozen/","/products/30-gele-rozen"
"/product/30-rode-rozen","/products/30-rode-rozen"
"/product/30-rode-rozen-xl-red-naomi","/products/30-rode-rozen-xl-red-naomi"
"/product/30-rode-rozen-xl-red-naomi/","/products/30-rode-rozen-xl-red-naomi"
"/product/30-rode-rozen/","/products/30-rode-rozen"
"/product/30-roze-rozen","/products/30-roze-rozen"
"/product/30-roze-rozen-xxl-sweet-pink","/products/30-roze-rozen-xxl-sweet-pink"
"/product/30-roze-rozen-xxl-sweet-pink/","/products/30-roze-rozen-xxl-sweet-pink"
"/product/30-roze-rozen/","/products/30-roze-rozen"
"/product/30-witte-rozen","/products/30-witte-rozen"
"/product/30-witte-rozen-xxl-avalanche","/products/30-witte-rozen-xxl-avalanche"
"/product/30-witte-rozen-xxl-avalanche/","/products/30-witte-rozen-xxl-avalanche"
"/product/30-witte-rozen/","/products/30-witte-rozen"
"/product/40-gele-rozen","/products/40-gele-rozen"
"/product/40-gele-rozen/","/products/40-gele-rozen"
"/product/40-rode-rozen","/products/40-rode-rozen"
"/product/40-rode-rozen-xl-red-naomi","/products/40-rode-rozen-xl-red-naomi"
"/product/40-rode-rozen-xl-red-naomi/","/products/40-rode-rozen-xl-red-naomi"
"/product/40-rode-rozen/","/products/40-rode-rozen"
"/product/40-roze-rozen","/products/40-roze-rozen"
"/product/40-roze-rozen-xxl-sweet-pink","/products/40-roze-rozen-xxl-sweet-pink"
"/product/40-roze-rozen-xxl-sweet-pink/","/products/40-roze-rozen-xxl-sweet-pink"
"/product/40-roze-rozen/","/products/40-roze-rozen"
"/product/40-witte-rozen","/products/40-witte-rozen"
"/product/40-witte-rozen-xxl-avalanche","/products/40-witte-rozen-xxl-avalanche"
"/product/40-witte-rozen-xxl-avalanche/","/products/40-witte-rozen-xxl-avalanche"
"/product/40-witte-rozen/","/products/40-witte-rozen"
"/product/50-gele-rozen","/products/50-gele-rozen"
"/product/50-gele-rozen/","/products/50-gele-rozen"
"/product/50-rode-rozen","/products/50-rode-rozen"
"/product/50-rode-rozen-xl-red-naomi","/products/50-rode-rozen-xl-red-naomi"
"/product/50-rode-rozen-xl-red-naomi/","/products/50-rode-rozen-xl-red-naomi"
"/product/50-rode-rozen/","/products/50-rode-rozen"
"/product/50-roze-rozen","/products/50-roze-rozen"
"/product/50-roze-rozen-xxl-sweet-pink","/products/50-roze-rozen-xxl-sweet-pink"
"/product/50-roze-rozen-xxl-sweet-pink/","/products/50-roze-rozen-xxl-sweet-pink"
"/product/50-roze-rozen/","/products/50-roze-rozen"
"/product/50-tulpen-verrassingskleur","/products/50-tulpen-verrassingskleur"
"/product/50-tulpen-verrassingskleur/","/products/50-tulpen-verrassingskleur"
"/product/50-witte-rozen","/products/50-witte-rozen"
"/product/50-witte-rozen-xxl-avalanche","/products/50-witte-rozen-xxl-avalanche"
"/product/50-witte-rozen-xxl-avalanche/","/products/50-witte-rozen-xxl-avalanche"
"/product/50-witte-rozen/","/products/50-witte-rozen"
"/product/55-avalanche-5-red-naomi-in-het-midden-totaal-60","/products/55-avalanche-5-red-naomi-in-het-midden-totaal-60"
"/product/55-avalanche-5-red-naomi-in-het-midden-totaal-60/","/products/55-avalanche-5-red-naomi-in-het-midden-totaal-60"
"/product/5x-nobilis-kerstboom-30cm","/products/5x-nobilis-kerstboom-30cm"
"/product/5x-nobilis-kerstboom-30cm/","/products/5x-nobilis-kerstboom-30cm"
"/product/60-gele-rozen","/products/60-gele-rozen"
"/product/60-gele-rozen/","/products/60-gele-rozen"
"/product/60-rode-rozen","/products/60-rode-rozen"
"/product/60-rode-rozen-xl-red-naomi","/products/60-rode-rozen-xl-red-naomi"
"/product/60-rode-rozen-xl-red-naomi/","/products/60-rode-rozen-xl-red-naomi"
"/product/60-rode-rozen/","/products/60-rode-rozen"
"/product/60-roze-rozen","/products/60-roze-rozen"
"/product/60-roze-rozen-xxl-sweet-pink","/products/60-roze-rozen-xxl-sweet-pink"
"/product/60-roze-rozen-xxl-sweet-pink/","/products/60-roze-rozen-xxl-sweet-pink"
"/product/60-roze-rozen/","/products/60-roze-rozen"
"/product/60-witte-rozen","/products/60-witte-rozen"
"/product/60-witte-rozen-xxl-avalanche","/products/60-witte-rozen-xxl-avalanche"
"/product/60-witte-rozen-xxl-avalanche/","/products/60-witte-rozen-xxl-avalanche"
"/product/60-witte-rozen/","/products/60-witte-rozen"
"/product/70-gele-rozen","/products/70-gele-rozen"
"/product/70-gele-rozen/","/products/70-gele-rozen"
"/product/70-rode-rozen","/products/70-rode-rozen"
"/product/70-rode-rozen-xl-red-naomi","/products/70-rode-rozen-xl-red-naomi"
"/product/70-rode-rozen-xl-red-naomi/","/products/70-rode-rozen-xl-red-naomi"
"/product/70-rode-rozen/","/products/70-rode-rozen"
"/product/70-roze-rozen","/products/70-roze-rozen"
"/product/70-roze-rozen-xxl-sweet-pink","/products/70-roze-rozen-xxl-sweet-pink"
"/product/70-roze-rozen-xxl-sweet-pink/","/products/70-roze-rozen-xxl-sweet-pink"
"/product/70-roze-rozen/","/products/70-roze-rozen"
"/product/70-witte-rozen","/products/70-witte-rozen"
"/product/70-witte-rozen-xxl-avalanche","/products/70-witte-rozen-xxl-avalanche"
"/product/70-witte-rozen-xxl-avalanche/","/products/70-witte-rozen-xxl-avalanche"
"/product/70-witte-rozen/","/products/70-witte-rozen"
"/product/80-gele-rozen","/products/80-gele-rozen"
"/product/80-gele-rozen/","/products/80-gele-rozen"
"/product/80-rode-rozen","/products/80-rode-rozen"
"/product/80-rode-rozen-xl-red-naomi","/products/80-rode-rozen-xl-red-naomi"
"/product/80-rode-rozen-xl-red-naomi/","/products/80-rode-rozen-xl-red-naomi"
"/product/80-rode-rozen/","/products/80-rode-rozen"
"/product/80-roze-rozen","/products/80-roze-rozen"
"/product/80-roze-rozen-xxl-sweet-pink","/products/80-roze-rozen-xxl-sweet-pink"
"/product/80-roze-rozen-xxl-sweet-pink/","/products/80-roze-rozen-xxl-sweet-pink"
"/product/80-roze-rozen/","/products/80-roze-rozen"
"/product/80-witte-rozen","/products/80-witte-rozen"
"/product/80-witte-rozen-xxl-avalanche","/products/80-witte-rozen-xxl-avalanche"
"/product/80-witte-rozen-xxl-avalanche/","/products/80-witte-rozen-xxl-avalanche"
"/product/80-witte-rozen/","/products/80-witte-rozen"
"/product/90-gele-rozen","/products/90-gele-rozen"
"/product/90-gele-rozen/","/products/90-gele-rozen"
"/product/90-rode-rozen","/products/90-rode-rozen"
"/product/90-rode-rozen-xl-red-naomi","/products/90-rode-rozen-xl-red-naomi"
"/product/90-rode-rozen-xl-red-naomi/","/products/90-rode-rozen-xl-red-naomi"
"/product/90-rode-rozen/","/products/90-rode-rozen"
"/product/90-roze-rozen","/products/90-roze-rozen"
"/product/90-roze-rozen-xxl-sweet-pink","/products/90-roze-rozen-xxl-sweet-pink"
"/product/90-roze-rozen-xxl-sweet-pink/","/products/90-roze-rozen-xxl-sweet-pink"
"/product/90-roze-rozen/","/products/90-roze-rozen"
"/product/90-witte-rozen","/products/90-witte-rozen"
"/product/90-witte-rozen-xxl-avalanche","/products/90-witte-rozen-xxl-avalanche"
"/product/90-witte-rozen-xxl-avalanche/","/products/90-witte-rozen-xxl-avalanche"
"/product/90-witte-rozen/","/products/90-witte-rozen"
"/product/aanbieding-3x-mix-krans-30cm","/products/aanbieding-3x-mix-krans-30cm"
"/product/aanbieding-3x-mix-krans-30cm/","/products/aanbieding-3x-mix-krans-30cm"
"/product/aanbieding-3x-nobilis-krans-30cm","/products/aanbieding-3x-nobilis-krans-30cm"
"/product/aanbieding-3x-nobilis-krans-30cm/","/products/aanbieding-3x-nobilis-krans-30cm"
"/product/allium-forelock-10","/products/allium-forelock-10"
"/product/allium-forelock-10/","/products/allium-forelock-10"
"/product/allium-forelock-20","/products/allium-forelock-20"
"/product/allium-forelock-20/","/products/allium-forelock-20"
"/product/allium-forelock-kopen","/products/allium-forelock-kopen"
"/product/allium-forelock-kopen/","/products/allium-forelock-kopen"
"/product/allium-gladiator-xxl-10","/products/allium-gladiator-xxl-10"
"/product/allium-gladiator-xxl-10/","/products/allium-gladiator-xxl-10"
"/product/allium-gladiator-xxl-5","/products/allium-gladiator-xxl-5"
"/product/allium-gladiator-xxl-5/","/products/allium-gladiator-xxl-5"
"/product/allium-kopen","/products/allium-kopen"
"/product/allium-kopen/","/products/allium-kopen"
"/product/alstroemeria-kopen","/products/alstroemeria-kopen"
"/product/alstroemeria-kopen/","/products/alstroemeria-kopen"
"/product/amaryllis-bol","/products/amaryllis-bol"
"/product/amaryllis-bol-xl-rood","/products/amaryllis-bol-xl-rood"
"/product/amaryllis-bol-xl-rood/","/products/amaryllis-bol-xl-rood"
"/product/amaryllis-bol-xl-roze","/products/amaryllis-bol-xl-roze"
"/product/amaryllis-bol-xl-roze/","/products/amaryllis-bol-xl-roze"
"/product/amaryllis-bol-xl-wit","/products/amaryllis-bol-xl-wit"
"/product/amaryllis-bol-xl-wit/","/products/amaryllis-bol-xl-wit"
"/product/amaryllis-bol/","/products/amaryllis-bol"
"/product/appelblad-salalblad-1","/products/appelblad-salalblad-1"
"/product/appelblad-salalblad-1/","/products/appelblad-salalblad-1"
"/product/appelblad-salalblad-3","/products/appelblad-salalblad-3"
"/product/appelblad-salalblad-3/","/products/appelblad-salalblad-3"
"/product/appelblad-salalblad-5","/products/appelblad-salalblad-5"
"/product/appelblad-salalblad-5/","/products/appelblad-salalblad-5"
"/product/artisjok-2-takken","/products/artisjok-2-takken"
"/product/artisjok-2-takken/","/products/artisjok-2-takken"
"/product/artisjokken-spkikey","/products/artisjokken-spkikey"
"/product/artisjokken-spkikey/","/products/artisjokken-spkikey"
"/product/aspedistrablad-10","/products/aspedistrablad-10"
"/product/aspedistrablad-10/","/products/aspedistrablad-10"
"/product/aspedistrablad-20","/products/aspedistrablad-20"
"/product/aspedistrablad-20/","/products/aspedistrablad-20"
"/product/aspedistrablad-30","/products/aspedistrablad-30"
"/product/aspedistrablad-30/","/products/aspedistrablad-30"
"/product/aspedistrablad-kopen","/products/aspedistrablad-kopen"
"/product/aspedistrablad-kopen/","/products/aspedistrablad-kopen"
"/product/banksia-harige-harry","/products/banksia-harige-harry"
"/product/banksia-harige-harry-1","/products/banksia-harige-harry-1"
"/product/banksia-harige-harry-1/","/products/banksia-harige-harry-1"
"/product/banksia-harige-harry-2","/products/banksia-harige-harry-2"
"/product/banksia-harige-harry-2/","/products/banksia-harige-harry-2"
"/product/banksia-harige-harry-3","/products/banksia-harige-harry-3"
"/product/banksia-harige-harry-3/","/products/banksia-harige-harry-3"
"/product/banksia-harige-harry/","/products/banksia-harige-harry"
"/product/berrybundel","/products/berrybundel"
"/product/berrybundel/","/products/berrybundel"
"/product/bessenbundel","/products/bessenbundel"
"/product/bessenbundel/","/products/bessenbundel"
"/product/blauw-paars-plukboeket-xl","/products/blauw-paars-plukboeket-xl"
"/product/blauw-paars-plukboeket-xl/","/products/blauw-paars-plukboeket-xl"
"/product/blauwe-hyacinten","/products/blauwe-hyacinten"
"/product/blauwe-hyacinten-15","/products/blauwe-hyacinten-15"
"/product/blauwe-hyacinten-15/","/products/blauwe-hyacinten-15"
"/product/blauwe-hyacinten-25","/products/blauwe-hyacinten-25"
"/product/blauwe-hyacinten-25/","/products/blauwe-hyacinten-25"
"/product/blauwe-hyacinten/","/products/blauwe-hyacinten"
"/product/blauwe-pampas-pluimen","/products/blauwe-pampas-pluimen"
"/product/blauwe-pampas-pluimen/","/products/blauwe-pampas-pluimen"
"/product/bloemenbon-10","/products/bloemenbon-10"
"/product/bloemenbon-10-euro","/products/bloemenbon-10-euro"
"/product/bloemenbon-10-euro/","/products/bloemenbon-10-euro"
"/product/bloemenbon-10/","/products/bloemenbon-10"
"/product/bloemenbon-11","/products/bloemenbon-11"
"/product/bloemenbon-11/","/products/bloemenbon-11"
"/product/bloemenbon-12","/products/bloemenbon-12"
"/product/bloemenbon-12/","/products/bloemenbon-12"
"/product/bloemenbon-2","/products/bloemenbon-2"
"/product/bloemenbon-2/","/products/bloemenbon-2"
"/product/bloemenbon-3","/products/bloemenbon-3"
"/product/bloemenbon-3/","/products/bloemenbon-3"
"/product/bloemenbon-4","/products/bloemenbon-4"
"/product/bloemenbon-4/","/products/bloemenbon-4"
"/product/bloemenbon-5","/products/bloemenbon-5"
"/product/bloemenbon-5/","/products/bloemenbon-5"
"/product/bloemenbon-6","/products/bloemenbon-6"
"/product/bloemenbon-6/","/products/bloemenbon-6"
"/product/bloemenbon-7","/products/bloemenbon-7"
"/product/bloemenbon-7/","/products/bloemenbon-7"
"/product/bloemenbon-8","/products/bloemenbon-8"
"/product/bloemenbon-8/","/products/bloemenbon-8"
"/product/bloemenbon-9","/products/bloemenbon-9"
"/product/bloemenbon-9/","/products/bloemenbon-9"
"/product/bloemenpakket-kerst-xxl","/products/bloemenpakket-kerst-xxl"
"/product/bloemenpakket-kerst-xxl/","/products/bloemenpakket-kerst-xxl"
"/product/bloemenpakket-kopen","/products/bloemenpakket-kopen"
"/product/bloemenpakket-kopen/","/products/bloemenpakket-kopen"
"/product/bloemenpakket-xl-nieuw","/products/bloemenpakket-xl-nieuw"
"/product/bloemenpakket-xl-nieuw/","/products/bloemenpakket-xl-nieuw"
"/product/bloemenpakket-xl-rolf","/products/bloemenpakket-xl-rolf"
"/product/bloemenpakket-xl-rolf/","/products/bloemenpakket-xl-rolf"
"/product/bloemenpakket-xl-sam","/products/bloemenpakket-xl-sam"
"/product/bloemenpakket-xl-sam/","/products/bloemenpakket-xl-sam"
"/product/boeket-chrysanten-bezorgen","/products/boeket-chrysanten-bezorgen"
"/product/boeket-chrysanten-bezorgen/","/products/boeket-chrysanten-bezorgen"
"/product/bolmos-kopen","/products/bolmos-kopen"
"/product/bolmos-kopen/","/products/bolmos-kopen"
"/product/bolmos-krans-kopen","/products/bolmos-krans-kopen"
"/product/bolmos-krans-kopen/","/products/bolmos-krans-kopen"
"/product/bomen-bundel","/products/bomen-bundel"
"/product/bomen-bundel/","/products/bomen-bundel"
"/product/bonbons-10-stuks","/products/bonbons-10-stuks"
"/product/bonbons-10-stuks/","/products/bonbons-10-stuks"
"/product/bonbons-35-stuks","/products/bonbons-35-stuks"
"/product/bonbons-35-stuks/","/products/bonbons-35-stuks"
"/product/bonsai-takjes-halve-kist","/products/bonsai-takjes-halve-kist"
"/product/bonsai-takjes-halve-kist/","/products/bonsai-takjes-halve-kist"
"/product/bonsai-takjes-kopen","/products/bonsai-takjes-kopen"
"/product/bonsai-takjes-kopen/","/products/bonsai-takjes-kopen"
"/product/bonsai-takjes-volle-kist","/products/bonsai-takjes-volle-kist"
"/product/bonsai-takjes-volle-kist/","/products/bonsai-takjes-volle-kist"
"/product/bontgekleurde-emmer","/products/bontgekleurde-emmer"
"/product/bontgekleurde-emmer/","/products/bontgekleurde-emmer"
"/product/bos-pinus-kerstgroen","/products/bos-pinus-kerstgroen"
"/product/bos-pinus-kerstgroen/","/products/bos-pinus-kerstgroen"
"/product/bosbes-takken-5-bossen","/products/bosbes-takken-5-bossen"
"/product/bosbes-takken-5-bossen/","/products/bosbes-takken-5-bossen"
"/product/bromelia-takken-kopen","/products/bromelia-takken-kopen"
"/product/bromelia-takken-kopen/","/products/bromelia-takken-kopen"
"/product/bruiloftbundel-gerberas","/products/bruiloftbundel-gerberas"
"/product/bruiloftbundel-gerberas-extra-groot-20-bossen","/products/bruiloftbundel-gerberas-extra-groot-20-bossen"
"/product/bruiloftbundel-gerberas-extra-groot-20-bossen/","/products/bruiloftbundel-gerberas-extra-groot-20-bossen"
"/product/bruiloftbundel-gerberas-groot-10-bossen","/products/bruiloftbundel-gerberas-groot-10-bossen"
"/product/bruiloftbundel-gerberas-groot-10-bossen/","/products/bruiloftbundel-gerberas-groot-10-bossen"
"/product/bruiloftbundel-gerberas-klein-3-bossen","/products/bruiloftbundel-gerberas-klein-3-bossen"
"/product/bruiloftbundel-gerberas-klein-3-bossen/","/products/bruiloftbundel-gerberas-klein-3-bossen"
"/product/bruiloftbundel-gerberas-middel-5-bossen","/products/bruiloftbundel-gerberas-middel-5-bossen"
"/product/bruiloftbundel-gerberas-middel-5-bossen/","/products/bruiloftbundel-gerberas-middel-5-bossen"
"/product/bruiloftbundel-gerberas/","/products/bruiloftbundel-gerberas"
"/product/bruiloftbundel-lisianthus","/products/bruiloftbundel-lisianthus"
"/product/bruiloftbundel-lisianthus-extra-groot-20-bossen","/products/bruiloftbundel-lisianthus-extra-groot-20-bossen"
"/product/bruiloftbundel-lisianthus-extra-groot-20-bossen/","/products/bruiloftbundel-lisianthus-extra-groot-20-bossen"
"/product/bruiloftbundel-lisianthus-groot-10-bossen","/products/bruiloftbundel-lisianthus-groot-10-bossen"
"/product/bruiloftbundel-lisianthus-groot-10-bossen/","/products/bruiloftbundel-lisianthus-groot-10-bossen"
"/product/bruiloftbundel-lisianthus-klein-3-bossen","/products/bruiloftbundel-lisianthus-klein-3-bossen"
"/product/bruiloftbundel-lisianthus-klein-3-bossen/","/products/bruiloftbundel-lisianthus-klein-3-bossen"
"/product/bruiloftbundel-lisianthus-middel-5-bossen","/products/bruiloftbundel-lisianthus-middel-5-bossen"
"/product/bruiloftbundel-lisianthus-middel-5-bossen/","/products/bruiloftbundel-lisianthus-middel-5-bossen"
"/product/bruiloftbundel-lisianthus/","/products/bruiloftbundel-lisianthus"
"/product/bruiloftbundel-roze-rozen","/products/bruiloftbundel-roze-rozen"
"/product/bruiloftbundel-roze-rozen-extra-groot-20-bossen","/products/bruiloftbundel-roze-rozen-extra-groot-20-bossen"
"/product/bruiloftbundel-roze-rozen-extra-groot-20-bossen/","/products/bruiloftbundel-roze-rozen-extra-groot-20-bossen"
"/product/bruiloftbundel-roze-rozen-groot-10-bossen","/products/bruiloftbundel-roze-rozen-groot-10-bossen"
"/product/bruiloftbundel-roze-rozen-groot-10-bossen/","/products/bruiloftbundel-roze-rozen-groot-10-bossen"
"/product/bruiloftbundel-roze-rozen-klein-3-bossen","/products/bruiloftbundel-roze-rozen-klein-3-bossen"
"/product/bruiloftbundel-roze-rozen-klein-3-bossen/","/products/bruiloftbundel-roze-rozen-klein-3-bossen"
"/product/bruiloftbundel-roze-rozen-middel-5-bossen","/products/bruiloftbundel-roze-rozen-middel-5-bossen"
"/product/bruiloftbundel-roze-rozen-middel-5-bossen/","/products/bruiloftbundel-roze-rozen-middel-5-bossen"
"/product/bruiloftbundel-roze-rozen/","/products/bruiloftbundel-roze-rozen"
"/product/bruiloftbundel-witte-rozen","/products/bruiloftbundel-witte-rozen"
"/product/bruiloftbundel-witte-rozen-extra-groot-20-bossen","/products/bruiloftbundel-witte-rozen-extra-groot-20-bossen"
"/product/bruiloftbundel-witte-rozen-extra-groot-20-bossen/","/products/bruiloftbundel-witte-rozen-extra-groot-20-bossen"
"/product/bruiloftbundel-witte-rozen-groot-10-bossen","/products/bruiloftbundel-witte-rozen-groot-10-bossen"
"/product/bruiloftbundel-witte-rozen-groot-10-bossen/","/products/bruiloftbundel-witte-rozen-groot-10-bossen"
"/product/bruiloftbundel-witte-rozen-klein-3-bossen","/products/bruiloftbundel-witte-rozen-klein-3-bossen"
"/product/bruiloftbundel-witte-rozen-klein-3-bossen/","/products/bruiloftbundel-witte-rozen-klein-3-bossen"
"/product/bruiloftbundel-witte-rozen-middel-5-bossen","/products/bruiloftbundel-witte-rozen-middel-5-bossen"
"/product/bruiloftbundel-witte-rozen-middel-5-bossen/","/products/bruiloftbundel-witte-rozen-middel-5-bossen"
"/product/bruiloftbundel-witte-rozen/","/products/bruiloftbundel-witte-rozen"
"/product/bruiloftsemmer-warm-oranje","/products/bruiloftsemmer-warm-oranje"
"/product/bruiloftsemmer-warm-oranje/","/products/bruiloftsemmer-warm-oranje"
"/product/butterfly-ranonkel-10-stelen","/products/butterfly-ranonkel-10-stelen"
"/product/butterfly-ranonkel-10-stelen/","/products/butterfly-ranonkel-10-stelen"
"/product/buurtjes-emmer","/products/buurtjes-emmer"
"/product/buurtjes-emmer/","/products/buurtjes-emmer"
"/product/campanula-kopen-bloemen","/products/campanula-kopen-bloemen"
"/product/campanula-kopen-bloemen/","/products/campanula-kopen-bloemen"
"/product/campanula-roze-10-takken","/products/campanula-roze-10-takken"
"/product/campanula-roze-10-takken/","/products/campanula-roze-10-takken"
"/product/campanula-wit-10-takken","/products/campanula-wit-10-takken"
"/product/campanula-wit-10-takken/","/products/campanula-wit-10-takken"
"/product/cfd-plukboeket","/products/cfd-plukboeket"
"/product/cfd-plukboeket/","/products/cfd-plukboeket"
"/product/chocolade-hart","/products/chocolade-hart"
"/product/chocolade-hart/","/products/chocolade-hart"
"/product/chrysanten-boeket-bestellen","/products/chrysanten-boeket-bestellen"
"/product/chrysanten-boeket-bestellen/","/products/chrysanten-boeket-bestellen"
"/product/cipres-kerstgroen","/products/cipres-kerstgroen"
"/product/cipres-kerstgroen-25-kg","/products/cipres-kerstgroen-25-kg"
"/product/cipres-kerstgroen-25-kg/","/products/cipres-kerstgroen-25-kg"
"/product/cipres-kerstgroen-25kg","/products/cipres-kerstgroen-25kg"
"/product/cipres-kerstgroen-25kg/","/products/cipres-kerstgroen-25kg"
"/product/cipres-kerstgroen-5-kg","/products/cipres-kerstgroen-5-kg"
"/product/cipres-kerstgroen-5-kg/","/products/cipres-kerstgroen-5-kg"
"/product/cipres-kerstgroen-5kg","/products/cipres-kerstgroen-5kg"
"/product/cipres-kerstgroen-5kg/","/products/cipres-kerstgroen-5kg"
"/product/cipres-kerstgroen/","/products/cipres-kerstgroen"
"/product/craspedia-kopen","/products/craspedia-kopen"
"/product/craspedia-kopen/","/products/craspedia-kopen"
"/product/credit","/products/credit"
"/product/credit-2","/products/credit-2"
"/product/credit-2/","/products/credit-2"
"/product/credit/","/products/credit"
"/product/cryptomeria-takken-10-bossen","/products/cryptomeria-takken-10-bossen"
"/product/cryptomeria-takken-10-bossen/","/products/cryptomeria-takken-10-bossen"
"/product/cryptomeria-takken-5-bossen","/products/cryptomeria-takken-5-bossen"
"/product/cryptomeria-takken-5-bossen/","/products/cryptomeria-takken-5-bossen"
"/product/cryptomeria-takken-kopen","/products/cryptomeria-takken-kopen"
"/product/cryptomeria-takken-kopen/","/products/cryptomeria-takken-kopen"
"/product/dadeltak-xxl-25-kg-tak","/products/dadeltak-xxl-25-kg-tak"
"/product/dadeltak-xxl-25-kg-tak/","/products/dadeltak-xxl-25-kg-tak"
"/product/dadeltakken-kopen","/products/dadeltakken-kopen"
"/product/dadeltakken-kopen/","/products/dadeltakken-kopen"
"/product/de-gier-abonnementen","/products/de-gier-abonnementen"
"/product/de-gier-abonnementen/","/products/de-gier-abonnementen"
"/product/de-gier-boeket","/products/de-gier-boeket"
"/product/de-gier-boeket/","/products/de-gier-boeket"
"/product/dennenappels-kopen","/products/dennenappels-kopen"
"/product/dennenappels-kopen/","/products/dennenappels-kopen"
"/product/diplocyclos","/products/diplocyclos"
"/product/diplocyclos-3-meter-halve-bak","/products/diplocyclos-3-meter-halve-bak"
"/product/diplocyclos-3-meter-halve-bak/","/products/diplocyclos-3-meter-halve-bak"
"/product/diplocyclos-6-meter-hele-bak","/products/diplocyclos-6-meter-hele-bak"
"/product/diplocyclos-6-meter-hele-bak/","/products/diplocyclos-6-meter-hele-bak"
"/product/diplocyclos/","/products/diplocyclos"
"/product/distel-takken-kopen","/products/distel-takken-kopen"
"/product/distel-takken-kopen/","/products/distel-takken-kopen"
"/product/droogbloemen-boeket","/products/droogbloemen-boeket"
"/product/droogbloemen-boeket/","/products/droogbloemen-boeket"
"/product/droogkrans-kopen","/products/droogkrans-kopen"
"/product/droogkrans-kopen/","/products/droogkrans-kopen"
"/product/droogkrans-najaar-60cm","/products/droogkrans-najaar-60cm"
"/product/droogkrans-najaar-60cm/","/products/droogkrans-najaar-60cm"
"/product/druivenhout-takken","/products/druivenhout-takken"
"/product/druivenhout-takken-1","/products/druivenhout-takken-1"
"/product/druivenhout-takken-1/","/products/druivenhout-takken-1"
"/product/druivenhout-takken-2","/products/druivenhout-takken-2"
"/product/druivenhout-takken-2/","/products/druivenhout-takken-2"
"/product/druivenhout-takken-3","/products/druivenhout-takken-3"
"/product/druivenhout-takken-3/","/products/druivenhout-takken-3"
"/product/druivenhout-takken/","/products/druivenhout-takken"
"/product/dubbelbloemige-tulpen-bestellen","/products/dubbelbloemige-tulpen-bestellen"
"/product/dubbelbloemige-tulpen-bestellen/","/products/dubbelbloemige-tulpen-bestellen"
"/product/dubbele-creme-brievenbus-tulpen","/products/dubbele-creme-brievenbus-tulpen"
"/product/dubbele-creme-brievenbus-tulpen/","/products/dubbele-creme-brievenbus-tulpen"
"/product/dubbele-gemengde-brievenbus-tulpen","/products/dubbele-gemengde-brievenbus-tulpen"
"/product/dubbele-gemengde-brievenbus-tulpen/","/products/dubbele-gemengde-brievenbus-tulpen"
"/product/dubbele-tulp-flashpoint-100","/products/dubbele-tulp-flashpoint-100"
"/product/dubbele-tulp-flashpoint-100/","/products/dubbele-tulp-flashpoint-100"
"/product/dubbele-tulp-flashpoint-30","/products/dubbele-tulp-flashpoint-30"
"/product/dubbele-tulp-flashpoint-30/","/products/dubbele-tulp-flashpoint-30"
"/product/dubbele-tulp-flashpoint-50","/products/dubbele-tulp-flashpoint-50"
"/product/dubbele-tulp-flashpoint-50/","/products/dubbele-tulp-flashpoint-50"
"/product/dubbele-tulpen-bestellen","/products/dubbele-tulpen-bestellen"
"/product/dubbele-tulpen-bestellen/","/products/dubbele-tulpen-bestellen"
"/product/dubbele-tulpen-gemengd","/products/dubbele-tulpen-gemengd"
"/product/dubbele-tulpen-gemengd-100","/products/dubbele-tulpen-gemengd-100"
"/product/dubbele-tulpen-gemengd-100/","/products/dubbele-tulpen-gemengd-100"
"/product/dubbele-tulpen-gemengd-30","/products/dubbele-tulpen-gemengd-30"
"/product/dubbele-tulpen-gemengd-30/","/products/dubbele-tulpen-gemengd-30"
"/product/dubbele-tulpen-gemengd-50","/products/dubbele-tulpen-gemengd-50"
"/product/dubbele-tulpen-gemengd-50/","/products/dubbele-tulpen-gemengd-50"
"/product/dubbele-tulpen-gemengd/","/products/dubbele-tulpen-gemengd"
"/product/dubbele-tulpen-roze-creme-100","/products/dubbele-tulpen-roze-creme-100"
"/product/dubbele-tulpen-roze-creme-100/","/products/dubbele-tulpen-roze-creme-100"
"/product/dubbele-tulpen-roze-creme-30","/products/dubbele-tulpen-roze-creme-30"
"/product/dubbele-tulpen-roze-creme-30/","/products/dubbele-tulpen-roze-creme-30"
"/product/dubbele-tulpen-roze-creme-50","/products/dubbele-tulpen-roze-creme-50"
"/product/dubbele-tulpen-roze-creme-50/","/products/dubbele-tulpen-roze-creme-50"
"/product/dubbele-tulpen-warm-rood-100","/products/dubbele-tulpen-warm-rood-100"
"/product/dubbele-tulpen-warm-rood-100/","/products/dubbele-tulpen-warm-rood-100"
"/product/dubbele-tulpen-warm-rood-30","/products/dubbele-tulpen-warm-rood-30"
"/product/dubbele-tulpen-warm-rood-30/","/products/dubbele-tulpen-warm-rood-30"
"/product/dubbele-tulpen-warm-rood-50","/products/dubbele-tulpen-warm-rood-50"
"/product/dubbele-tulpen-warm-rood-50/","/products/dubbele-tulpen-warm-rood-50"
"/product/eucalyptus-boules-antique","/products/eucalyptus-boules-antique"
"/product/eucalyptus-boules-antique/","/products/eucalyptus-boules-antique"
"/product/eucalyptus-boules-krans-diy","/products/eucalyptus-boules-krans-diy"
"/product/eucalyptus-boules-krans-diy/","/products/eucalyptus-boules-krans-diy"
"/product/eucalyptus-dragon","/products/eucalyptus-dragon"
"/product/eucalyptus-dragon/","/products/eucalyptus-dragon"
"/product/eucalyptus-formanii","/products/eucalyptus-formanii"
"/product/eucalyptus-formanii/","/products/eucalyptus-formanii"
"/product/eucalyptus-gepreserveerd-400-gram","/products/eucalyptus-gepreserveerd-400-gram"
"/product/eucalyptus-gepreserveerd-400-gram/","/products/eucalyptus-gepreserveerd-400-gram"
"/product/eucalyptus-krans-diy","/products/eucalyptus-krans-diy"
"/product/eucalyptus-krans-diy/","/products/eucalyptus-krans-diy"
"/product/eucalyptus-krans-maken","/products/eucalyptus-krans-maken"
"/product/eucalyptus-krans-maken/","/products/eucalyptus-krans-maken"
"/product/eucalyptus-olijftakken","/products/eucalyptus-olijftakken"
"/product/eucalyptus-olijftakken-extra-groot-20-bossen","/products/eucalyptus-olijftakken-extra-groot-20-bossen"
"/product/eucalyptus-olijftakken-extra-groot-20-bossen/","/products/eucalyptus-olijftakken-extra-groot-20-bossen"
"/product/eucalyptus-olijftakken-groot-10-bossen","/products/eucalyptus-olijftakken-groot-10-bossen"
"/product/eucalyptus-olijftakken-groot-10-bossen/","/products/eucalyptus-olijftakken-groot-10-bossen"
"/product/eucalyptus-olijftakken-klein-3-bossen","/products/eucalyptus-olijftakken-klein-3-bossen"
"/product/eucalyptus-olijftakken-klein-3-bossen/","/products/eucalyptus-olijftakken-klein-3-bossen"
"/product/eucalyptus-olijftakken-middel-5-bossen","/products/eucalyptus-olijftakken-middel-5-bossen"
"/product/eucalyptus-olijftakken-middel-5-bossen/","/products/eucalyptus-olijftakken-middel-5-bossen"
"/product/eucalyptus-olijftakken/","/products/eucalyptus-olijftakken"
"/product/eucalyptus-populus-graan","/products/eucalyptus-populus-graan"
"/product/eucalyptus-populus-graan/","/products/eucalyptus-populus-graan"
"/product/eucalyptus-populus-kopen","/products/eucalyptus-populus-kopen"
"/product/eucalyptus-populus-kopen/","/products/eucalyptus-populus-kopen"
"/product/eucalyptus-siergras","/products/eucalyptus-siergras"
"/product/eucalyptus-siergras-extra-groot-20-bossen","/products/eucalyptus-siergras-extra-groot-20-bossen"
"/product/eucalyptus-siergras-extra-groot-20-bossen/","/products/eucalyptus-siergras-extra-groot-20-bossen"
"/product/eucalyptus-siergras-groot-10-bossen","/products/eucalyptus-siergras-groot-10-bossen"
"/product/eucalyptus-siergras-groot-10-bossen/","/products/eucalyptus-siergras-groot-10-bossen"
"/product/eucalyptus-siergras-klein-3-bossen","/products/eucalyptus-siergras-klein-3-bossen"
"/product/eucalyptus-siergras-klein-3-bossen/","/products/eucalyptus-siergras-klein-3-bossen"
"/product/eucalyptus-siergras-middel-5-bossen","/products/eucalyptus-siergras-middel-5-bossen"
"/product/eucalyptus-siergras-middel-5-bossen/","/products/eucalyptus-siergras-middel-5-bossen"
"/product/eucalyptus-siergras/","/products/eucalyptus-siergras"
"/product/eucalyptus-takken-kopen","/products/eucalyptus-takken-kopen"
"/product/eucalyptus-takken-kopen/","/products/eucalyptus-takken-kopen"
"/product/eucalyptus-winter-bells-2-bossen","/products/eucalyptus-winter-bells-2-bossen"
"/product/eucalyptus-winter-bells-2-bossen/","/products/eucalyptus-winter-bells-2-bossen"
"/product/exclusive-let-me-love","/products/exclusive-let-me-love"
"/product/exclusive-let-me-love/","/products/exclusive-let-me-love"
"/product/exclusive-powerful-pink","/products/exclusive-powerful-pink"
"/product/exclusive-powerful-pink/","/products/exclusive-powerful-pink"
"/product/exclusive-red-royalty","/products/exclusive-red-royalty"
"/product/exclusive-red-royalty/","/products/exclusive-red-royalty"
"/product/exclusive-white-wedding","/products/exclusive-white-wedding"
"/product/exclusive-white-wedding/","/products/exclusive-white-wedding"
"/product/familie-mix","/products/familie-mix"
"/product/familie-mix/","/products/familie-mix"
"/product/feestelijk-plukboeket","/products/feestelijk-plukboeket"
"/product/feestelijk-plukboeket/","/products/feestelijk-plukboeket"
"/product/fresias-kopen","/products/fresias-kopen"
"/product/fresias-kopen/","/products/fresias-kopen"
"/product/freubel-pakket-xl","/products/freubel-pakket-xl"
"/product/freubel-pakket-xl/","/products/freubel-pakket-xl"
"/product/galax-blad-60-bladeren","/products/galax-blad-60-bladeren"
"/product/galax-blad-60-bladeren/","/products/galax-blad-60-bladeren"
"/product/gedroogde-hazenstaartjes-xl-lagurus-droogbloemen","/products/gedroogde-hazenstaartjes-xl-lagurus-droogbloemen"
"/product/gedroogde-hazenstaartjes-xl-lagurus-droogbloemen/","/products/gedroogde-hazenstaartjes-xl-lagurus-droogbloemen"
"/product/gedroogde-pampasgras-pluimen-kopen","/products/gedroogde-pampasgras-pluimen-kopen"
"/product/gedroogde-pampasgras-pluimen-kopen/","/products/gedroogde-pampasgras-pluimen-kopen"
"/product/gele-brievenbus-tulpen","/products/gele-brievenbus-tulpen"
"/product/gele-brievenbus-tulpen/","/products/gele-brievenbus-tulpen"
"/product/gele-chrysanten-kopen","/products/gele-chrysanten-kopen"
"/product/gele-chrysanten-kopen/","/products/gele-chrysanten-kopen"
"/product/gele-fresias-25-stelen","/products/gele-fresias-25-stelen"
"/product/gele-fresias-25-stelen/","/products/gele-fresias-25-stelen"
"/product/gele-ranonkels-xl","/products/gele-ranonkels-xl"
"/product/gele-ranonkels-xl-10","/products/gele-ranonkels-xl-10"
"/product/gele-ranonkels-xl-10/","/products/gele-ranonkels-xl-10"
"/product/gele-ranonkels-xl-20","/products/gele-ranonkels-xl-20"
"/product/gele-ranonkels-xl-20/","/products/gele-ranonkels-xl-20"
"/product/gele-ranonkels-xl-30","/products/gele-ranonkels-xl-30"
"/product/gele-ranonkels-xl-30/","/products/gele-ranonkels-xl-30"
"/product/gele-ranonkels-xl-50","/products/gele-ranonkels-xl-50"
"/product/gele-ranonkels-xl-50/","/products/gele-ranonkels-xl-50"
"/product/gele-ranonkels-xl/","/products/gele-ranonkels-xl"
"/product/gele-rozen-30-of-meer","/products/gele-rozen-30-of-meer"
"/product/gele-rozen-30-of-meer/","/products/gele-rozen-30-of-meer"
"/product/gele-tulpen-100","/products/gele-tulpen-100"
"/product/gele-tulpen-100/","/products/gele-tulpen-100"
"/product/gele-tulpen-30","/products/gele-tulpen-30"
"/product/gele-tulpen-30/","/products/gele-tulpen-30"
"/product/gele-tulpen-50","/products/gele-tulpen-50"
"/product/gele-tulpen-50/","/products/gele-tulpen-50"
"/product/gele-tulpen-kopen","/products/gele-tulpen-kopen"
"/product/gele-tulpen-kopen/","/products/gele-tulpen-kopen"
"/product/gemengde-brievenbus-tulpen","/products/gemengde-brievenbus-tulpen"
"/product/gemengde-brievenbus-tulpen/","/products/gemengde-brievenbus-tulpen"
"/product/gemengde-hyacinten","/products/gemengde-hyacinten"
"/product/gemengde-hyacinten-15","/products/gemengde-hyacinten-15"
"/product/gemengde-hyacinten-15/","/products/gemengde-hyacinten-15"
"/product/gemengde-hyacinten-25","/products/gemengde-hyacinten-25"
"/product/gemengde-hyacinten-25/","/products/gemengde-hyacinten-25"
"/product/gemengde-hyacinten/","/products/gemengde-hyacinten"
"/product/gemengde-ranonkels","/products/gemengde-ranonkels"
"/product/gemengde-ranonkels-10","/products/gemengde-ranonkels-10"
"/product/gemengde-ranonkels-10/","/products/gemengde-ranonkels-10"
"/product/gemengde-ranonkels-20","/products/gemengde-ranonkels-20"
"/product/gemengde-ranonkels-20/","/products/gemengde-ranonkels-20"
"/product/gemengde-ranonkels-30","/products/gemengde-ranonkels-30"
"/product/gemengde-ranonkels-30/","/products/gemengde-ranonkels-30"
"/product/gemengde-ranonkels-50","/products/gemengde-ranonkels-50"
"/product/gemengde-ranonkels-50/","/products/gemengde-ranonkels-50"
"/product/gemengde-ranonkels/","/products/gemengde-ranonkels"
"/product/gemengde-tulpen-100","/products/gemengde-tulpen-100"
"/product/gemengde-tulpen-100/","/products/gemengde-tulpen-100"
"/product/gemengde-tulpen-30","/products/gemengde-tulpen-30"
"/product/gemengde-tulpen-30/","/products/gemengde-tulpen-30"
"/product/gemengde-tulpen-50","/products/gemengde-tulpen-50"
"/product/gemengde-tulpen-50/","/products/gemengde-tulpen-50"
"/product/gemengde-tulpen-kopen","/products/gemengde-tulpen-kopen"
"/product/gemengde-tulpen-kopen/","/products/gemengde-tulpen-kopen"
"/product/gemixte-freesia-100","/products/gemixte-freesia-100"
"/product/gemixte-freesia-100/","/products/gemixte-freesia-100"
"/product/gemixte-freesia-25","/products/gemixte-freesia-25"
"/product/gemixte-freesia-25/","/products/gemixte-freesia-25"
"/product/gemixte-freesia-50","/products/gemixte-freesia-50"
"/product/gemixte-freesia-50/","/products/gemixte-freesia-50"
"/product/gerberas-kopen","/products/gerberas-kopen"
"/product/gerberas-kopen/","/products/gerberas-kopen"
"/product/gipskruid-eucalyptus","/products/gipskruid-eucalyptus"
"/product/gipskruid-eucalyptus-extra-groot-20-bossen","/products/gipskruid-eucalyptus-extra-groot-20-bossen"
"/product/gipskruid-eucalyptus-extra-groot-20-bossen/","/products/gipskruid-eucalyptus-extra-groot-20-bossen"
"/product/gipskruid-eucalyptus-groot-10-bossen","/products/gipskruid-eucalyptus-groot-10-bossen"
"/product/gipskruid-eucalyptus-groot-10-bossen/","/products/gipskruid-eucalyptus-groot-10-bossen"
"/product/gipskruid-eucalyptus-klein-3-bossen","/products/gipskruid-eucalyptus-klein-3-bossen"
"/product/gipskruid-eucalyptus-klein-3-bossen/","/products/gipskruid-eucalyptus-klein-3-bossen"
"/product/gipskruid-eucalyptus-middel-5-bossen","/products/gipskruid-eucalyptus-middel-5-bossen"
"/product/gipskruid-eucalyptus-middel-5-bossen/","/products/gipskruid-eucalyptus-middel-5-bossen"
"/product/gipskruid-eucalyptus-olijftakken","/products/gipskruid-eucalyptus-olijftakken"
"/product/gipskruid-eucalyptus-olijftakken-extra-groot-20-bossen","/products/gipskruid-eucalyptus-olijftakken-extra-groot-20-bossen"
"/product/gipskruid-eucalyptus-olijftakken-extra-groot-20-bossen/","/products/gipskruid-eucalyptus-olijftakken-extra-groot-20-bossen"
"/product/gipskruid-eucalyptus-olijftakken-groot-10-bossen","/products/gipskruid-eucalyptus-olijftakken-groot-10-bossen"
"/product/gipskruid-eucalyptus-olijftakken-groot-10-bossen/","/products/gipskruid-eucalyptus-olijftakken-groot-10-bossen"
"/product/gipskruid-eucalyptus-olijftakken-klein-3-bossen","/products/gipskruid-eucalyptus-olijftakken-klein-3-bossen"
"/product/gipskruid-eucalyptus-olijftakken-klein-3-bossen/","/products/gipskruid-eucalyptus-olijftakken-klein-3-bossen"
"/product/gipskruid-eucalyptus-olijftakken-middel-5-bossen","/products/gipskruid-eucalyptus-olijftakken-middel-5-bossen"
"/product/gipskruid-eucalyptus-olijftakken-middel-5-bossen/","/products/gipskruid-eucalyptus-olijftakken-middel-5-bossen"
"/product/gipskruid-eucalyptus-olijftakken-siergras","/products/gipskruid-eucalyptus-olijftakken-siergras"
"/product/gipskruid-eucalyptus-olijftakken-siergras-extra-groot-20-bossen","/products/gipskruid-eucalyptus-olijftakken-siergras-extra-groot-20-bossen"
"/product/gipskruid-eucalyptus-olijftakken-siergras-extra-groot-20-bossen/","/products/gipskruid-eucalyptus-olijftakken-siergras-extra-groot-20-bossen"
"/product/gipskruid-eucalyptus-olijftakken-siergras-groot-10-bossen","/products/gipskruid-eucalyptus-olijftakken-siergras-groot-10-bossen"
"/product/gipskruid-eucalyptus-olijftakken-siergras-groot-10-bossen/","/products/gipskruid-eucalyptus-olijftakken-siergras-groot-10-bossen"
"/product/gipskruid-eucalyptus-olijftakken-siergras-klein-3-bossen","/products/gipskruid-eucalyptus-olijftakken-siergras-klein-3-bossen"
"/product/gipskruid-eucalyptus-olijftakken-siergras-klein-3-bossen/","/products/gipskruid-eucalyptus-olijftakken-siergras-klein-3-bossen"
"/product/gipskruid-eucalyptus-olijftakken-siergras-middel-5-bossen","/products/gipskruid-eucalyptus-olijftakken-siergras-middel-5-bossen"
"/product/gipskruid-eucalyptus-olijftakken-siergras-middel-5-bossen/","/products/gipskruid-eucalyptus-olijftakken-siergras-middel-5-bossen"
"/product/gipskruid-eucalyptus-olijftakken-siergras/","/products/gipskruid-eucalyptus-olijftakken-siergras"
"/product/gipskruid-eucalyptus-olijftakken/","/products/gipskruid-eucalyptus-olijftakken"
"/product/gipskruid-eucalyptus/","/products/gipskruid-eucalyptus"
"/product/gipskruid-kopen","/products/gipskruid-kopen"
"/product/gipskruid-kopen/","/products/gipskruid-kopen"
"/product/gipskruid-olijftakken","/products/gipskruid-olijftakken"
"/product/gipskruid-olijftakken-extra-groot-20-bossen","/products/gipskruid-olijftakken-extra-groot-20-bossen"
"/product/gipskruid-olijftakken-extra-groot-20-bossen/","/products/gipskruid-olijftakken-extra-groot-20-bossen"
"/product/gipskruid-olijftakken-groot-10-bossen","/products/gipskruid-olijftakken-groot-10-bossen"
"/product/gipskruid-olijftakken-groot-10-bossen/","/products/gipskruid-olijftakken-groot-10-bossen"
"/product/gipskruid-olijftakken-klein-3-bossen","/products/gipskruid-olijftakken-klein-3-bossen"
"/product/gipskruid-olijftakken-klein-3-bossen/","/products/gipskruid-olijftakken-klein-3-bossen"
"/product/gipskruid-olijftakken-middel-5-bossen","/products/gipskruid-olijftakken-middel-5-bossen"
"/product/gipskruid-olijftakken-middel-5-bossen/","/products/gipskruid-olijftakken-middel-5-bossen"
"/product/gipskruid-olijftakken/","/products/gipskruid-olijftakken"
"/product/gipskruid-siergras","/products/gipskruid-siergras"
"/product/gipskruid-siergras-extra-groot-20-bossen","/products/gipskruid-siergras-extra-groot-20-bossen"
"/product/gipskruid-siergras-extra-groot-20-bossen/","/products/gipskruid-siergras-extra-groot-20-bossen"
"/product/gipskruid-siergras-groot-10-bossen","/products/gipskruid-siergras-groot-10-bossen"
"/product/gipskruid-siergras-groot-10-bossen/","/products/gipskruid-siergras-groot-10-bossen"
"/product/gipskruid-siergras-klein-3-bossen","/products/gipskruid-siergras-klein-3-bossen"
"/product/gipskruid-siergras-klein-3-bossen/","/products/gipskruid-siergras-klein-3-bossen"
"/product/gipskruid-siergras-middel-5-bossen","/products/gipskruid-siergras-middel-5-bossen"
"/product/gipskruid-siergras-middel-5-bossen/","/products/gipskruid-siergras-middel-5-bossen"
"/product/gipskruid-siergras/","/products/gipskruid-siergras"
"/product/glazen-vaas-kort-boeket","/products/glazen-vaas-kort-boeket"
"/product/glazen-vaas-kort-boeket/","/products/glazen-vaas-kort-boeket"
"/product/glazen-vaas-middel","/products/glazen-vaas-middel"
"/product/glazen-vaas-middel/","/products/glazen-vaas-middel"
"/product/glazen-vaas-plukboeket","/products/glazen-vaas-plukboeket"
"/product/glazen-vaas-plukboeket/","/products/glazen-vaas-plukboeket"
"/product/glitter-wax-amaryllis-bundel-3x","/products/glitter-wax-amaryllis-bundel-3x"
"/product/glitter-wax-amaryllis-bundel-3x/","/products/glitter-wax-amaryllis-bundel-3x"
"/product/goedkope-pioenrozen","/products/goedkope-pioenrozen"
"/product/goedkope-pioenrozen/","/products/goedkope-pioenrozen"
"/product/gouden-kerstboompje","/products/gouden-kerstboompje"
"/product/gouden-kerstboompje-kopen","/products/gouden-kerstboompje-kopen"
"/product/gouden-kerstboompje-kopen-2","/products/gouden-kerstboompje-kopen-2"
"/product/gouden-kerstboompje-kopen-2/","/products/gouden-kerstboompje-kopen-2"
"/product/gouden-kerstboompje-kopen/","/products/gouden-kerstboompje-kopen"
"/product/gouden-kerstboompje/","/products/gouden-kerstboompje"
"/product/groene-skimmia","/products/groene-skimmia"
"/product/groene-skimmia/","/products/groene-skimmia"
"/product/groot-feestelijk-boeket","/products/groot-feestelijk-boeket"
"/product/groot-feestelijk-boeket/","/products/groot-feestelijk-boeket"
"/product/groot-gekleurd-boeket","/products/groot-gekleurd-boeket"
"/product/groot-gekleurd-boeket/","/products/groot-gekleurd-boeket"
"/product/groot-kerstboeket","/products/groot-kerstboeket"
"/product/groot-kerstboeket/","/products/groot-kerstboeket"
"/product/groot-kerststuk","/products/groot-kerststuk"
"/product/groot-kerststuk-bronze-gold-xxl","/products/groot-kerststuk-bronze-gold-xxl"
"/product/groot-kerststuk-bronze-gold-xxl/","/products/groot-kerststuk-bronze-gold-xxl"
"/product/groot-kerststuk/","/products/groot-kerststuk"
"/product/grote-de-gier","/products/grote-de-gier"
"/product/grote-de-gier/","/products/grote-de-gier"
"/product/grote-kransenbundel","/products/grote-kransenbundel"
"/product/grote-kransenbundel/","/products/grote-kransenbundel"
"/product/grote-nobilis-kerstboom-kopen","/products/grote-nobilis-kerstboom-kopen"
"/product/grote-nobilis-kerstboom-kopen/","/products/grote-nobilis-kerstboom-kopen"
"/product/grote-pioenrozen-kopen","/products/grote-pioenrozen-kopen"
"/product/grote-pioenrozen-kopen/","/products/grote-pioenrozen-kopen"
"/product/grote-rode-rozen","/products/grote-rode-rozen"
"/product/grote-rode-rozen/","/products/grote-rode-rozen"
"/product/grote-vlaskrans-kopen","/products/grote-vlaskrans-kopen"
"/product/grote-vlaskrans-kopen/","/products/grote-vlaskrans-kopen"
"/product/guirlande-kerst-100cm","/products/guirlande-kerst-100cm"
"/product/guirlande-kerst-100cm/","/products/guirlande-kerst-100cm"
"/product/hakea-takken","/products/hakea-takken"
"/product/hakea-takken/","/products/hakea-takken"
"/product/hart-onder-de-riem-boeket","/products/hart-onder-de-riem-boeket"
"/product/hart-onder-de-riem-boeket/","/products/hart-onder-de-riem-boeket"
"/product/herfst-plukboeket","/products/herfst-plukboeket"
"/product/herfst-plukboeket/","/products/herfst-plukboeket"
"/product/herfstbloemen","/products/herfstbloemen"
"/product/herfstbloemen/","/products/herfstbloemen"
"/product/herfstboeket","/products/herfstboeket"
"/product/herfstboeket/","/products/herfstboeket"
"/product/herfstchrysanten-10-stelen","/products/herfstchrysanten-10-stelen"
"/product/herfstchrysanten-10-stelen/","/products/herfstchrysanten-10-stelen"
"/product/hortensia-boeket-xxl","/products/hortensia-boeket-xxl"
"/product/hortensia-boeket-xxl/","/products/hortensia-boeket-xxl"
"/product/hortensia-herfstkleur-xxl-3","/products/hortensia-herfstkleur-xxl-3"
"/product/hortensia-herfstkleur-xxl-3/","/products/hortensia-herfstkleur-xxl-3"
"/product/hortensia-herfstkleur-xxl-5","/products/hortensia-herfstkleur-xxl-5"
"/product/hortensia-herfstkleur-xxl-5/","/products/hortensia-herfstkleur-xxl-5"
"/product/hortensia-pimpernel-xxl-1","/products/hortensia-pimpernel-xxl-1"
"/product/hortensia-pimpernel-xxl-1/","/products/hortensia-pimpernel-xxl-1"
"/product/hortensia-pimpernel-xxl-3","/products/hortensia-pimpernel-xxl-3"
"/product/hortensia-pimpernel-xxl-3/","/products/hortensia-pimpernel-xxl-3"
"/product/hortensias-kopen","/products/hortensias-kopen"
"/product/hortensias-kopen-herfstkleur","/products/hortensias-kopen-herfstkleur"
"/product/hortensias-kopen-herfstkleur/","/products/hortensias-kopen-herfstkleur"
"/product/hortensias-kopen/","/products/hortensias-kopen"
"/product/hyacinten-mand-grijs","/products/hyacinten-mand-grijs"
"/product/hyacinten-mand-grijs/","/products/hyacinten-mand-grijs"
"/product/hyacinten-mand-staal","/products/hyacinten-mand-staal"
"/product/hyacinten-mand-staal/","/products/hyacinten-mand-staal"
"/product/i-love-you-mama","/products/i-love-you-mama"
"/product/i-love-you-mama/","/products/i-love-you-mama"
"/product/ilex-takken-kersttakken","/products/ilex-takken-kersttakken"
"/product/ilex-takken-kersttakken/","/products/ilex-takken-kersttakken"
"/product/ilex-takken-rood-10-takken","/products/ilex-takken-rood-10-takken"
"/product/ilex-takken-rood-10-takken/","/products/ilex-takken-rood-10-takken"
"/product/iron-bush-krans","/products/iron-bush-krans"
"/product/iron-bush-krans/","/products/iron-bush-krans"
"/product/iron-bush-wit","/products/iron-bush-wit"
"/product/iron-bush-wit/","/products/iron-bush-wit"
"/product/kaaps-groen-brunia-spray-3-bossen","/products/kaaps-groen-brunia-spray-3-bossen"
"/product/kaaps-groen-brunia-spray-3-bossen/","/products/kaaps-groen-brunia-spray-3-bossen"
"/product/kaaps-groen-plumosum","/products/kaaps-groen-plumosum"
"/product/kaaps-groen-plumosum/","/products/kaaps-groen-plumosum"
"/product/kaaps-groen-silver-brunia-3-bossen","/products/kaaps-groen-silver-brunia-3-bossen"
"/product/kaaps-groen-silver-brunia-3-bossen/","/products/kaaps-groen-silver-brunia-3-bossen"
"/product/kangoeroepoten-in-vaas","/products/kangoeroepoten-in-vaas"
"/product/kangoeroepoten-in-vaas/","/products/kangoeroepoten-in-vaas"
"/product/katoentakken-10-12-bollen","/products/katoentakken-10-12-bollen"
"/product/katoentakken-10-12-bollen-10","/products/katoentakken-10-12-bollen-10"
"/product/katoentakken-10-12-bollen-10/","/products/katoentakken-10-12-bollen-10"
"/product/katoentakken-10-12-bollen-3","/products/katoentakken-10-12-bollen-3"
"/product/katoentakken-10-12-bollen-3/","/products/katoentakken-10-12-bollen-3"
"/product/katoentakken-10-12-bollen-5","/products/katoentakken-10-12-bollen-5"
"/product/katoentakken-10-12-bollen-5/","/products/katoentakken-10-12-bollen-5"
"/product/katoentakken-10-12-bollen/","/products/katoentakken-10-12-bollen"
"/product/kers-plukboeket-rood","/products/kers-plukboeket-rood"
"/product/kers-plukboeket-rood/","/products/kers-plukboeket-rood"
"/product/kersenbloesem-takken","/products/kersenbloesem-takken"
"/product/kersenbloesem-takken/","/products/kersenbloesem-takken"
"/product/kerst-guirlande","/products/kerst-guirlande"
"/product/kerst-guirlande/","/products/kerst-guirlande"
"/product/kerst-knutselpakket","/products/kerst-knutselpakket"
"/product/kerst-knutselpakket-2","/products/kerst-knutselpakket-2"
"/product/kerst-knutselpakket-2/","/products/kerst-knutselpakket-2"
"/product/kerst-knutselpakket-special","/products/kerst-knutselpakket-special"
"/product/kerst-knutselpakket-special/","/products/kerst-knutselpakket-special"
"/product/kerst-knutselpakket/","/products/kerst-knutselpakket"
"/product/kerstbloemen","/products/kerstbloemen"
"/product/kerstbloemen/","/products/kerstbloemen"
"/product/kerstgroen-bundel","/products/kerstgroen-bundel"
"/product/kerstgroen-bundel/","/products/kerstgroen-bundel"
"/product/kerstgroen-knutselpakket-1","/products/kerstgroen-knutselpakket-1"
"/product/kerstgroen-knutselpakket-1/","/products/kerstgroen-knutselpakket-1"
"/product/kerstkrans-mix","/products/kerstkrans-mix"
"/product/kerstkrans-mix/","/products/kerstkrans-mix"
"/product/kerststuk-green-magic","/products/kerststuk-green-magic"
"/product/kerststuk-green-magic/","/products/kerststuk-green-magic"
"/product/kerststukje-goud","/products/kerststukje-goud"
"/product/kerststukje-goud/","/products/kerststukje-goud"
"/product/kerststukje-zilver","/products/kerststukje-zilver"
"/product/kerststukje-zilver/","/products/kerststukje-zilver"
"/product/kerstverlichting","/products/kerstverlichting"
"/product/kerstverlichting/","/products/kerstverlichting"
"/product/klassiek-kerstboeket","/products/klassiek-kerstboeket"
"/product/klassiek-kerstboeket/","/products/klassiek-kerstboeket"
"/product/klassiek-wit-boeket","/products/klassiek-wit-boeket"
"/product/klassiek-wit-boeket/","/products/klassiek-wit-boeket"
"/product/klein-kerstboompje-kopen","/products/klein-kerstboompje-kopen"
"/product/klein-kerstboompje-kopen/","/products/klein-kerstboompje-kopen"
"/product/kleine-kransenbundel","/products/kleine-kransenbundel"
"/product/kleine-kransenbundel/","/products/kleine-kransenbundel"
"/product/kleurige-klassieker","/products/kleurige-klassieker"
"/product/kleurige-klassieker/","/products/kleurige-klassieker"
"/product/kort-boeket-herfst","/products/kort-boeket-herfst"
"/product/kort-boeket-herfst/","/products/kort-boeket-herfst"
"/product/kort-boeket-lekker-zacht","/products/kort-boeket-lekker-zacht"
"/product/kort-boeket-lekker-zacht/","/products/kort-boeket-lekker-zacht"
"/product/kort-boeket-roze","/products/kort-boeket-roze"
"/product/kort-boeket-roze/","/products/kort-boeket-roze"
"/product/kort-kerst-boeket","/products/kort-kerst-boeket"
"/product/kort-kerst-boeket/","/products/kort-kerst-boeket"
"/product/krans-voor-buiten","/products/krans-voor-buiten"
"/product/krans-voor-buiten/","/products/krans-voor-buiten"
"/product/kurkeik-schors-4-half-pak","/products/kurkeik-schors-4-half-pak"
"/product/kurkeik-schors-4-half-pak/","/products/kurkeik-schors-4-half-pak"
"/product/kurkeik-schors-8-heel-pak","/products/kurkeik-schors-8-heel-pak"
"/product/kurkeik-schors-8-heel-pak/","/products/kurkeik-schors-8-heel-pak"
"/product/lampionnen-physalis-10-takken","/products/lampionnen-physalis-10-takken"
"/product/lampionnen-physalis-10-takken/","/products/lampionnen-physalis-10-takken"
"/product/larix-takjes","/products/larix-takjes"
"/product/larix-takjes-halve-kist","/products/larix-takjes-halve-kist"
"/product/larix-takjes-halve-kist/","/products/larix-takjes-halve-kist"
"/product/larix-takjes-volle-kist","/products/larix-takjes-volle-kist"
"/product/larix-takjes-volle-kist/","/products/larix-takjes-volle-kist"
"/product/larix-takjes/","/products/larix-takjes"
"/product/licht-roze-ranonkels-xl","/products/licht-roze-ranonkels-xl"
"/product/licht-roze-ranonkels-xl-10","/products/licht-roze-ranonkels-xl-10"
"/product/licht-roze-ranonkels-xl-10/","/products/licht-roze-ranonkels-xl-10"
"/product/licht-roze-ranonkels-xl-20","/products/licht-roze-ranonkels-xl-20"
"/product/licht-roze-ranonkels-xl-20/","/products/licht-roze-ranonkels-xl-20"
"/product/licht-roze-ranonkels-xl-30","/products/licht-roze-ranonkels-xl-30"
"/product/licht-roze-ranonkels-xl-30/","/products/licht-roze-ranonkels-xl-30"
"/product/licht-roze-ranonkels-xl-50","/products/licht-roze-ranonkels-xl-50"
"/product/licht-roze-ranonkels-xl-50/","/products/licht-roze-ranonkels-xl-50"
"/product/licht-roze-ranonkels-xl/","/products/licht-roze-ranonkels-xl"
"/product/limonium-lila-25-takken","/products/limonium-lila-25-takken"
"/product/limonium-lila-25-takken/","/products/limonium-lila-25-takken"
"/product/longlife-roos","/products/longlife-roos"
"/product/longlife-roos/","/products/longlife-roos"
"/product/losse-rode-roos-cadeau-verpakt","/products/losse-rode-roos-cadeau-verpakt"
"/product/losse-rode-roos-cadeau-verpakt/","/products/losse-rode-roos-cadeau-verpakt"
"/product/magnolia-takken-in-vaas","/products/magnolia-takken-in-vaas"
"/product/magnolia-takken-in-vaas/","/products/magnolia-takken-in-vaas"
"/product/magnolia-takken-xl-90cm-3","/products/magnolia-takken-xl-90cm-3"
"/product/magnolia-takken-xl-90cm-3/","/products/magnolia-takken-xl-90cm-3"
"/product/magnolia-takken-xl-90cm-5","/products/magnolia-takken-xl-90cm-5"
"/product/magnolia-takken-xl-90cm-5/","/products/magnolia-takken-xl-90cm-5"
"/product/mamas-emmer","/products/mamas-emmer"
"/product/mamas-emmer/","/products/mamas-emmer"
"/product/mamma-mia","/products/mamma-mia"
"/product/mamma-mia/","/products/mamma-mia"
"/product/mega-kerstboeket-groot-e50","/products/mega-kerstboeket-groot-e50"
"/product/mega-kerstboeket-groot-e50/","/products/mega-kerstboeket-groot-e50"
"/product/mega-kerstboeket-l","/products/mega-kerstboeket-l"
"/product/mega-kerstboeket-l/","/products/mega-kerstboeket-l"
"/product/mega-kerstboeket-middel-e35","/products/mega-kerstboeket-middel-e35"
"/product/mega-kerstboeket-middel-e35/","/products/mega-kerstboeket-middel-e35"
"/product/mega-kerstboeket-xxl","/products/mega-kerstboeket-xxl"
"/product/mega-kerstboeket-xxl/","/products/mega-kerstboeket-xxl"
"/product/mega-mixkrans-50cm","/products/mega-mixkrans-50cm"
"/product/mega-mixkrans-50cm/","/products/mega-mixkrans-50cm"
"/product/mica-vaas-gerecycled-glas-mond-geblazen","/products/mica-vaas-gerecycled-glas-mond-geblazen"
"/product/mica-vaas-gerecycled-glas-mond-geblazen/","/products/mica-vaas-gerecycled-glas-mond-geblazen"
"/product/mini-kerstboom-kopen","/products/mini-kerstboom-kopen"
"/product/mini-kerstboom-kopen/","/products/mini-kerstboom-kopen"
"/product/mistletoe-maretak-1-bos","/products/mistletoe-maretak-1-bos"
"/product/mistletoe-maretak-1-bos/","/products/mistletoe-maretak-1-bos"
"/product/mistletoe-maretak-2-bossen","/products/mistletoe-maretak-2-bossen"
"/product/mistletoe-maretak-2-bossen/","/products/mistletoe-maretak-2-bossen"
"/product/mistletoe-takken","/products/mistletoe-takken"
"/product/mistletoe-takken/","/products/mistletoe-takken"
"/product/mix-krans-30","/products/mix-krans-30"
"/product/mix-krans-30/","/products/mix-krans-30"
"/product/monstera-blad-gatenplant-10","/products/monstera-blad-gatenplant-10"
"/product/monstera-blad-gatenplant-10/","/products/monstera-blad-gatenplant-10"
"/product/monstera-blad-gatenplant-11","/products/monstera-blad-gatenplant-11"
"/product/monstera-blad-gatenplant-11/","/products/monstera-blad-gatenplant-11"
"/product/monstera-blad-gatenplant-12","/products/monstera-blad-gatenplant-12"
"/product/monstera-blad-gatenplant-12/","/products/monstera-blad-gatenplant-12"
"/product/monstera-blad-gatenplant-13","/products/monstera-blad-gatenplant-13"
"/product/monstera-blad-gatenplant-13/","/products/monstera-blad-gatenplant-13"
"/product/monstera-blad-gatenplant-3","/products/monstera-blad-gatenplant-3"
"/product/monstera-blad-gatenplant-3/","/products/monstera-blad-gatenplant-3"
"/product/monstera-blad-gatenplant-5","/products/monstera-blad-gatenplant-5"
"/product/monstera-blad-gatenplant-5/","/products/monstera-blad-gatenplant-5"
"/product/monstera-blad-gatenplant-kopie","/products/monstera-blad-gatenplant-kopie"
"/product/monstera-blad-gatenplant-kopie/","/products/monstera-blad-gatenplant-kopie"
"/product/monstera-blad-in-de-vaas","/products/monstera-blad-in-de-vaas"
"/product/monstera-blad-in-de-vaas/","/products/monstera-blad-in-de-vaas"
"/product/mos-bundel","/products/mos-bundel"
"/product/mos-bundel/","/products/mos-bundel"
"/product/mosbundel","/products/mosbundel"
"/product/mosbundel/","/products/mosbundel"
"/product/natuurlijke-krans","/products/natuurlijke-krans"
"/product/natuurlijke-krans-60cm","/products/natuurlijke-krans-60cm"
"/product/natuurlijke-krans-60cm/","/products/natuurlijke-krans-60cm"
"/product/natuurlijke-krans-special","/products/natuurlijke-krans-special"
"/product/natuurlijke-krans-special/","/products/natuurlijke-krans-special"
"/product/natuurlijke-krans-wit-60cm","/products/natuurlijke-krans-wit-60cm"
"/product/natuurlijke-krans-wit-60cm/","/products/natuurlijke-krans-wit-60cm"
"/product/natuurlijke-krans/","/products/natuurlijke-krans"
"/product/nobilis-boompje-kopen","/products/nobilis-boompje-kopen"
"/product/nobilis-boompje-kopen/","/products/nobilis-boompje-kopen"
"/product/nobilis-guirlande","/products/nobilis-guirlande"
"/product/nobilis-guirlande/","/products/nobilis-guirlande"
"/product/nobilis-kerstboom-60cm","/products/nobilis-kerstboom-60cm"
"/product/nobilis-kerstboom-60cm/","/products/nobilis-kerstboom-60cm"
"/product/nobilis-kerstboom-goud-50cm","/products/nobilis-kerstboom-goud-50cm"
"/product/nobilis-kerstboom-goud-50cm/","/products/nobilis-kerstboom-goud-50cm"
"/product/nobilis-kerstboom-goud-60cm","/products/nobilis-kerstboom-goud-60cm"
"/product/nobilis-kerstboom-goud-60cm/","/products/nobilis-kerstboom-goud-60cm"
"/product/nobilis-kerstboom-platina-40cm","/products/nobilis-kerstboom-platina-40cm"
"/product/nobilis-kerstboom-platina-40cm/","/products/nobilis-kerstboom-platina-40cm"
"/product/nobilis-kerstboom-platina-50cm","/products/nobilis-kerstboom-platina-50cm"
"/product/nobilis-kerstboom-platina-50cm/","/products/nobilis-kerstboom-platina-50cm"
"/product/nobilis-kerstboom-platina-60cm","/products/nobilis-kerstboom-platina-60cm"
"/product/nobilis-kerstboom-platina-60cm/","/products/nobilis-kerstboom-platina-60cm"
"/product/nobilis-kerstboom-sneeuw-60cm","/products/nobilis-kerstboom-sneeuw-60cm"
"/product/nobilis-kerstboom-sneeuw-60cm/","/products/nobilis-kerstboom-sneeuw-60cm"
"/product/nobilis-kerstgroen-25kg","/products/nobilis-kerstgroen-25kg"
"/product/nobilis-kerstgroen-25kg/","/products/nobilis-kerstgroen-25kg"
"/product/nobilis-kerstgroen-5kg-2-2","/products/nobilis-kerstgroen-5kg-2-2"
"/product/nobilis-kerstgroen-5kg-2-2/","/products/nobilis-kerstgroen-5kg-2-2"
"/product/nobilis-krans","/products/nobilis-krans"
"/product/nobilis-krans-2","/products/nobilis-krans-2"
"/product/nobilis-krans-2/","/products/nobilis-krans-2"
"/product/nobilis-krans-3","/products/nobilis-krans-3"
"/product/nobilis-krans-3/","/products/nobilis-krans-3"
"/product/nobilis-krans-30cm","/products/nobilis-krans-30cm"
"/product/nobilis-krans-30cm-1","/products/nobilis-krans-30cm-1"
"/product/nobilis-krans-30cm-1/","/products/nobilis-krans-30cm-1"
"/product/nobilis-krans-30cm-3","/products/nobilis-krans-30cm-3"
"/product/nobilis-krans-30cm-3/","/products/nobilis-krans-30cm-3"
"/product/nobilis-krans-30cm-5","/products/nobilis-krans-30cm-5"
"/product/nobilis-krans-30cm-5/","/products/nobilis-krans-30cm-5"
"/product/nobilis-krans-30cm/","/products/nobilis-krans-30cm"
"/product/nobilis-krans-60cm","/products/nobilis-krans-60cm"
"/product/nobilis-krans-60cm/","/products/nobilis-krans-60cm"
"/product/nobilis-krans-xl-80cm","/products/nobilis-krans-xl-80cm"
"/product/nobilis-krans-xl-80cm/","/products/nobilis-krans-xl-80cm"
"/product/nobilis-krans-xxl-100cm","/products/nobilis-krans-xxl-100cm"
"/product/nobilis-krans-xxl-100cm/","/products/nobilis-krans-xxl-100cm"
"/product/nobilis-krans/","/products/nobilis-krans"
"/product/nobilis-lariks-krans","/products/nobilis-lariks-krans"
"/product/nobilis-lariks-krans/","/products/nobilis-lariks-krans"
"/product/nobilis-takken-25-kg","/products/nobilis-takken-25-kg"
"/product/nobilis-takken-25-kg/","/products/nobilis-takken-25-kg"
"/product/nobilis-takken-5-kg","/products/nobilis-takken-5-kg"
"/product/nobilis-takken-5-kg/","/products/nobilis-takken-5-kg"
"/product/nobilis-takken-kopen","/products/nobilis-takken-kopen"
"/product/nobilis-takken-kopen/","/products/nobilis-takken-kopen"
"/product/offer-2","/products/offer-2"
"/product/offer-2/","/products/offer-2"
"/product/olijf-krans-diy","/products/olijf-krans-diy"
"/product/olijf-krans-diy/","/products/olijf-krans-diy"
"/product/olijfboom-110cm-o21-olea-europaea","/products/olijfboom-110cm-o21-olea-europaea"
"/product/olijfboom-110cm-o21-olea-europaea/","/products/olijfboom-110cm-o21-olea-europaea"
"/product/olijfboom-150cm-o45-olea-europaea","/products/olijfboom-150cm-o45-olea-europaea"
"/product/olijfboom-150cm-o45-olea-europaea/","/products/olijfboom-150cm-o45-olea-europaea"
"/product/olijfboom-170cm-o35-olea","/products/olijfboom-170cm-o35-olea"
"/product/olijfboom-170cm-o35-olea/","/products/olijfboom-170cm-o35-olea"
"/product/olijfboom-175cm-o35-olea-europaea","/products/olijfboom-175cm-o35-olea-europaea"
"/product/olijfboom-175cm-o35-olea-europaea/","/products/olijfboom-175cm-o35-olea-europaea"
"/product/olijfboom-210cm-o45-olea-europaea","/products/olijfboom-210cm-o45-olea-europaea"
"/product/olijfboom-210cm-o45-olea-europaea/","/products/olijfboom-210cm-o45-olea-europaea"
"/product/olijfboom-250cm-o45-olea","/products/olijfboom-250cm-o45-olea"
"/product/olijfboom-250cm-o45-olea/","/products/olijfboom-250cm-o45-olea"
"/product/olijftakken-kopen","/products/olijftakken-kopen"
"/product/olijftakken-kopen/","/products/olijftakken-kopen"
"/product/olijftakken-siergras","/products/olijftakken-siergras"
"/product/olijftakken-siergras-extra-groot-20-bossen","/products/olijftakken-siergras-extra-groot-20-bossen"
"/product/olijftakken-siergras-extra-groot-20-bossen/","/products/olijftakken-siergras-extra-groot-20-bossen"
"/product/olijftakken-siergras-groot-10-bossen","/products/olijftakken-siergras-groot-10-bossen"
"/product/olijftakken-siergras-groot-10-bossen/","/products/olijftakken-siergras-groot-10-bossen"
"/product/olijftakken-siergras-klein-3-bossen","/products/olijftakken-siergras-klein-3-bossen"
"/product/olijftakken-siergras-klein-3-bossen/","/products/olijftakken-siergras-klein-3-bossen"
"/product/olijftakken-siergras-middel-5-bossen","/products/olijftakken-siergras-middel-5-bossen"
"/product/olijftakken-siergras-middel-5-bossen/","/products/olijftakken-siergras-middel-5-bossen"
"/product/olijftakken-siergras/","/products/olijftakken-siergras"
"/product/onbewerkte-gemengde-roos-092-kopie","/products/onbewerkte-gemengde-roos-092-kopie"
"/product/onbewerkte-gemengde-roos-092-kopie/","/products/onbewerkte-gemengde-roos-092-kopie"
"/product/onbewerkte-rode-roos-142","/products/onbewerkte-rode-roos-142"
"/product/onbewerkte-rode-roos-142/","/products/onbewerkte-rode-roos-142"
"/product/onbewerkte-rode-roos-150","/products/onbewerkte-rode-roos-150"
"/product/onbewerkte-rode-roos-150/","/products/onbewerkte-rode-roos-150"
"/product/onbewerkte-rode-roos-195","/products/onbewerkte-rode-roos-195"
"/product/onbewerkte-rode-roos-195/","/products/onbewerkte-rode-roos-195"
"/product/onbewerkte-rode-roos-250","/products/onbewerkte-rode-roos-250"
"/product/onbewerkte-rode-roos-250/","/products/onbewerkte-rode-roos-250"
"/product/onbewerkte-rode-roos-per-stuk-te-bestellen","/products/onbewerkte-rode-roos-per-stuk-te-bestellen"
"/product/onbewerkte-rode-roos-per-stuk-te-bestellen/","/products/onbewerkte-rode-roos-per-stuk-te-bestellen"
"/product/ooh-ma","/products/ooh-ma"
"/product/ooh-ma/","/products/ooh-ma"
"/product/oranje-boeket","/products/oranje-boeket"
"/product/oranje-boeket/","/products/oranje-boeket"
"/product/oranje-brievenbus-tulpen","/products/oranje-brievenbus-tulpen"
"/product/oranje-brievenbus-tulpen/","/products/oranje-brievenbus-tulpen"
"/product/oranje-geberas-kopen","/products/oranje-geberas-kopen"
"/product/oranje-geberas-kopen/","/products/oranje-geberas-kopen"
"/product/oranje-ilex-takken","/products/oranje-ilex-takken"
"/product/oranje-ilex-takken/","/products/oranje-ilex-takken"
"/product/oranje-rozen-bestellen","/products/oranje-rozen-bestellen"
"/product/oranje-rozen-bestellen/","/products/oranje-rozen-bestellen"
"/product/oranje-tulpen-100","/products/oranje-tulpen-100"
"/product/oranje-tulpen-100/","/products/oranje-tulpen-100"
"/product/oranje-tulpen-30","/products/oranje-tulpen-30"
"/product/oranje-tulpen-30/","/products/oranje-tulpen-30"
"/product/oranje-tulpen-50","/products/oranje-tulpen-50"
"/product/oranje-tulpen-50/","/products/oranje-tulpen-50"
"/product/oranje-tulpen-bestellen","/products/oranje-tulpen-bestellen"
"/product/oranje-tulpen-bestellen/","/products/oranje-tulpen-bestellen"
"/product/paarse-brievenbus-tulpen","/products/paarse-brievenbus-tulpen"
"/product/paarse-brievenbus-tulpen/","/products/paarse-brievenbus-tulpen"
"/product/paarse-chrysanten-kopen","/products/paarse-chrysanten-kopen"
"/product/paarse-chrysanten-kopen/","/products/paarse-chrysanten-kopen"
"/product/paarse-lisianthus-kopen","/products/paarse-lisianthus-kopen"
"/product/paarse-lisianthus-kopen/","/products/paarse-lisianthus-kopen"
"/product/paarse-pampas-pluimen","/products/paarse-pampas-pluimen"
"/product/paarse-pampas-pluimen/","/products/paarse-pampas-pluimen"
"/product/paarse-tulpen-100","/products/paarse-tulpen-100"
"/product/paarse-tulpen-100/","/products/paarse-tulpen-100"
"/product/paarse-tulpen-30","/products/paarse-tulpen-30"
"/product/paarse-tulpen-30/","/products/paarse-tulpen-30"
"/product/paarse-tulpen-50","/products/paarse-tulpen-50"
"/product/paarse-tulpen-50/","/products/paarse-tulpen-50"
"/product/paarse-tulpen-kopen","/products/paarse-tulpen-kopen"
"/product/paarse-tulpen-kopen/","/products/paarse-tulpen-kopen"
"/product/paasboeket-kort","/products/paasboeket-kort"
"/product/paasboeket-kort/","/products/paasboeket-kort"
"/product/paastakken-kopen","/products/paastakken-kopen"
"/product/paastakken-kopen/","/products/paastakken-kopen"
"/product/pampas-pluimen-5-stuks-mint","/products/pampas-pluimen-5-stuks-mint"
"/product/pampas-pluimen-5-stuks-mint/","/products/pampas-pluimen-5-stuks-mint"
"/product/pampas-pluimen-5-stuks-rood-bruin","/products/pampas-pluimen-5-stuks-rood-bruin"
"/product/pampas-pluimen-5-stuks-rood-bruin/","/products/pampas-pluimen-5-stuks-rood-bruin"
"/product/pampas-pluimen-xl-droogbloemen-5-stuks-extra-fluffy-pampasgras","/products/pampas-pluimen-xl-droogbloemen-5-stuks-extra-fluffy-pampasgras"
"/product/pampas-pluimen-xl-droogbloemen-5-stuks-extra-fluffy-pampasgras/","/products/pampas-pluimen-xl-droogbloemen-5-stuks-extra-fluffy-pampasgras"
"/product/pampasgras-10stuks-okergeel","/products/pampasgras-10stuks-okergeel"
"/product/pampasgras-10stuks-okergeel/","/products/pampasgras-10stuks-okergeel"
"/product/pampasgras-5-stuks-blauw","/products/pampasgras-5-stuks-blauw"
"/product/pampasgras-5-stuks-blauw/","/products/pampasgras-5-stuks-blauw"
"/product/pampasgras-5-stuks-roest","/products/pampasgras-5-stuks-roest"
"/product/pampasgras-5-stuks-roest/","/products/pampasgras-5-stuks-roest"
"/product/pampasgras-5-stuks-roze","/products/pampasgras-5-stuks-roze"
"/product/pampasgras-5-stuks-roze/","/products/pampasgras-5-stuks-roze"
"/product/pampasgras-5-stuks-turquoise","/products/pampasgras-5-stuks-turquoise"
"/product/pampasgras-5-stuks-turquoise/","/products/pampasgras-5-stuks-turquoise"
"/product/pampasgras-5-stuks-zachtblauw","/products/pampasgras-5-stuks-zachtblauw"
"/product/pampasgras-5-stuks-zachtblauw/","/products/pampasgras-5-stuks-zachtblauw"
"/product/pampasgras-oker-geel","/products/pampasgras-oker-geel"
"/product/pampasgras-oker-geel/","/products/pampasgras-oker-geel"
"/product/pampasgras-pluimen-10","/products/pampasgras-pluimen-10"
"/product/pampasgras-pluimen-10/","/products/pampasgras-pluimen-10"
"/product/pampasgras-pluimen-3","/products/pampasgras-pluimen-3"
"/product/pampasgras-pluimen-3/","/products/pampasgras-pluimen-3"
"/product/pampasgras-pluimen-5","/products/pampasgras-pluimen-5"
"/product/pampasgras-pluimen-5/","/products/pampasgras-pluimen-5"
"/product/papaverbollen-kopen","/products/papaverbollen-kopen"
"/product/papaverbollen-kopen/","/products/papaverbollen-kopen"
"/product/pasen-plukboeket","/products/pasen-plukboeket"
"/product/pasen-plukboeket/","/products/pasen-plukboeket"
"/product/pastel-pink-emmer","/products/pastel-pink-emmer"
"/product/pastel-pink-emmer/","/products/pastel-pink-emmer"
"/product/pastel-roze-ranonkels","/products/pastel-roze-ranonkels"
"/product/pastel-roze-ranonkels-10","/products/pastel-roze-ranonkels-10"
"/product/pastel-roze-ranonkels-10/","/products/pastel-roze-ranonkels-10"
"/product/pastel-roze-ranonkels-20","/products/pastel-roze-ranonkels-20"
"/product/pastel-roze-ranonkels-20/","/products/pastel-roze-ranonkels-20"
"/product/pastel-roze-ranonkels-30","/products/pastel-roze-ranonkels-30"
"/product/pastel-roze-ranonkels-30/","/products/pastel-roze-ranonkels-30"
"/product/pastel-roze-ranonkels-50","/products/pastel-roze-ranonkels-50"
"/product/pastel-roze-ranonkels-50/","/products/pastel-roze-ranonkels-50"
"/product/pastel-roze-ranonkels/","/products/pastel-roze-ranonkels"
"/product/pauwenveren-in-vaas","/products/pauwenveren-in-vaas"
"/product/pauwenveren-in-vaas/","/products/pauwenveren-in-vaas"
"/product/pepperberries","/products/pepperberries"
"/product/pepperberries-1-bos","/products/pepperberries-1-bos"
"/product/pepperberries-1-bos/","/products/pepperberries-1-bos"
"/product/pepperberries-2-bossen","/products/pepperberries-2-bossen"
"/product/pepperberries-2-bossen/","/products/pepperberries-2-bossen"
"/product/pepperberries-koper","/products/pepperberries-koper"
"/product/pepperberries-koper-1-bos","/products/pepperberries-koper-1-bos"
"/product/pepperberries-koper-1-bos/","/products/pepperberries-koper-1-bos"
"/product/pepperberries-koper-2-bossen","/products/pepperberries-koper-2-bossen"
"/product/pepperberries-koper-2-bossen/","/products/pepperberries-koper-2-bossen"
"/product/pepperberries-koper/","/products/pepperberries-koper"
"/product/pepperberries-mocca","/products/pepperberries-mocca"
"/product/pepperberries-mocca-1-bos","/products/pepperberries-mocca-1-bos"
"/product/pepperberries-mocca-1-bos/","/products/pepperberries-mocca-1-bos"
"/product/pepperberries-mocca-2-bossen","/products/pepperberries-mocca-2-bossen"
"/product/pepperberries-mocca-2-bossen/","/products/pepperberries-mocca-2-bossen"
"/product/pepperberries-mocca/","/products/pepperberries-mocca"
"/product/pepperberries-terracotta","/products/pepperberries-terracotta"
"/product/pepperberries-terracotta-1-bos","/products/pepperberries-terracotta-1-bos"
"/product/pepperberries-terracotta-1-bos/","/products/pepperberries-terracotta-1-bos"
"/product/pepperberries-terracotta-2-bossen","/products/pepperberries-terracotta-2-bossen"
"/product/pepperberries-terracotta-2-bossen/","/products/pepperberries-terracotta-2-bossen"
"/product/pepperberries-terracotta/","/products/pepperberries-terracotta"
"/product/pepperberries-vino","/products/pepperberries-vino"
"/product/pepperberries-vino-1-bos","/products/pepperberries-vino-1-bos"
"/product/pepperberries-vino-1-bos/","/products/pepperberries-vino-1-bos"
"/product/pepperberries-vino-2-bossen","/products/pepperberries-vino-2-bossen"
"/product/pepperberries-vino-2-bossen/","/products/pepperberries-vino-2-bossen"
"/product/pepperberries-vino/","/products/pepperberries-vino"
"/product/pepperberries/","/products/pepperberries"
"/product/per-stuk-verpakte-rode-roos-245","/products/per-stuk-verpakte-rode-roos-245"
"/product/per-stuk-verpakte-rode-roos-245/","/products/per-stuk-verpakte-rode-roos-245"
"/product/pimpernel-takken-kopen","/products/pimpernel-takken-kopen"
"/product/pimpernel-takken-kopen/","/products/pimpernel-takken-kopen"
"/product/pinus-kerstgroen","/products/pinus-kerstgroen"
"/product/pinus-kerstgroen-25kg","/products/pinus-kerstgroen-25kg"
"/product/pinus-kerstgroen-25kg/","/products/pinus-kerstgroen-25kg"
"/product/pinus-kerstgroen-5kg","/products/pinus-kerstgroen-5kg"
"/product/pinus-kerstgroen-5kg/","/products/pinus-kerstgroen-5kg"
"/product/pinus-kerstgroen/","/products/pinus-kerstgroen"
"/product/pinus-kiefer-takken-10-bossen","/products/pinus-kiefer-takken-10-bossen"
"/product/pinus-kiefer-takken-10-bossen/","/products/pinus-kiefer-takken-10-bossen"
"/product/pinus-kiefer-takken-5-bossen","/products/pinus-kiefer-takken-5-bossen"
"/product/pinus-kiefer-takken-5-bossen/","/products/pinus-kiefer-takken-5-bossen"
"/product/pinus-krans","/products/pinus-krans"
"/product/pinus-krans/","/products/pinus-krans"
"/product/pioenrozen-kopen","/products/pioenrozen-kopen"
"/product/pioenrozen-kopen/","/products/pioenrozen-kopen"
"/product/pistache-takken-10-bossen","/products/pistache-takken-10-bossen"
"/product/pistache-takken-10-bossen/","/products/pistache-takken-10-bossen"
"/product/pistache-takken-5-bossen","/products/pistache-takken-5-bossen"
"/product/pistache-takken-5-bossen/","/products/pistache-takken-5-bossen"
"/product/pistache-takken-kopen","/products/pistache-takken-kopen"
"/product/pistache-takken-kopen/","/products/pistache-takken-kopen"
"/product/platina-kerstboompje","/products/platina-kerstboompje"
"/product/platina-kerstboompje-kopen","/products/platina-kerstboompje-kopen"
"/product/platina-kerstboompje-kopen/","/products/platina-kerstboompje-kopen"
"/product/platina-kerstboompje/","/products/platina-kerstboompje"
"/product/platmos-kopen","/products/platmos-kopen"
"/product/platmos-kopen/","/products/platmos-kopen"
"/product/plukboeket-bestellen","/products/plukboeket-bestellen"
"/product/plukboeket-bestellen/","/products/plukboeket-bestellen"
"/product/plukboeket-big-mama","/products/plukboeket-big-mama"
"/product/plukboeket-big-mama/","/products/plukboeket-big-mama"
"/product/plukboeket-oranje","/products/plukboeket-oranje"
"/product/plukboeket-oranje/","/products/plukboeket-oranje"
"/product/plukboeket-wit","/products/plukboeket-wit"
"/product/plukboeket-wit/","/products/plukboeket-wit"
"/product/plukboeket-xl","/products/plukboeket-xl"
"/product/plukboeket-xl/","/products/plukboeket-xl"
"/product/product","/products/product"
"/product/product-chiel","/products/product-chiel"
"/product/product-chiel/","/products/product-chiel"
"/product/product/","/products/product"
"/product/regenboog-rozen-bestellen","/products/regenboog-rozen-bestellen"
"/product/regenboog-rozen-bestellen/","/products/regenboog-rozen-bestellen"
"/product/rendier-nobilis","/products/rendier-nobilis"
"/product/rendier-nobilis/","/products/rendier-nobilis"
"/product/rendiermos-kopen","/products/rendiermos-kopen"
"/product/rendiermos-kopen/","/products/rendiermos-kopen"
"/product/rode-amaryllis-kopen","/products/rode-amaryllis-kopen"
"/product/rode-amaryllis-kopen/","/products/rode-amaryllis-kopen"
"/product/rode-brievenbus-tulpen","/products/rode-brievenbus-tulpen"
"/product/rode-brievenbus-tulpen/","/products/rode-brievenbus-tulpen"
"/product/rode-ranonkels-xl","/products/rode-ranonkels-xl"
"/product/rode-ranonkels-xl-10","/products/rode-ranonkels-xl-10"
"/product/rode-ranonkels-xl-10/","/products/rode-ranonkels-xl-10"
"/product/rode-ranonkels-xl-20","/products/rode-ranonkels-xl-20"
"/product/rode-ranonkels-xl-20/","/products/rode-ranonkels-xl-20"
"/product/rode-ranonkels-xl-30","/products/rode-ranonkels-xl-30"
"/product/rode-ranonkels-xl-30/","/products/rode-ranonkels-xl-30"
"/product/rode-ranonkels-xl-50","/products/rode-ranonkels-xl-50"
"/product/rode-ranonkels-xl-50/","/products/rode-ranonkels-xl-50"
"/product/rode-ranonkels-xl/","/products/rode-ranonkels-xl"
"/product/rode-rozen-10-t-m-100","/products/rode-rozen-10-t-m-100"
"/product/rode-rozen-10-t-m-100/","/products/rode-rozen-10-t-m-100"
"/product/rode-rozen-bezorgen","/products/rode-rozen-bezorgen"
"/product/rode-rozen-bezorgen/","/products/rode-rozen-bezorgen"
"/product/rode-rozen-met-gipskruid","/products/rode-rozen-met-gipskruid"
"/product/rode-rozen-met-gipskruid/","/products/rode-rozen-met-gipskruid"
"/product/rode-skimmia","/products/rode-skimmia"
"/product/rode-skimmia/","/products/rode-skimmia"
"/product/rode-tulpen-100","/products/rode-tulpen-100"
"/product/rode-tulpen-100/","/products/rode-tulpen-100"
"/product/rode-tulpen-30","/products/rode-tulpen-30"
"/product/rode-tulpen-30/","/products/rode-tulpen-30"
"/product/rode-tulpen-50","/products/rode-tulpen-50"
"/product/rode-tulpen-50/","/products/rode-tulpen-50"
"/product/rode-tulpen-bestellen","/products/rode-tulpen-bestellen"
"/product/rode-tulpen-bestellen/","/products/rode-tulpen-bestellen"
"/product/rode-wijn-075-liter","/products/rode-wijn-075-liter"
"/product/rode-wijn-075-liter/","/products/rode-wijn-075-liter"
"/product/rood-gele-brievenbus-tulpen","/products/rood-gele-brievenbus-tulpen"
"/product/rood-gele-brievenbus-tulpen/","/products/rood-gele-brievenbus-tulpen"
"/product/rood-gele-tulpen-100","/products/rood-gele-tulpen-100"
"/product/rood-gele-tulpen-100/","/products/rood-gele-tulpen-100"
"/product/rood-gele-tulpen-30","/products/rood-gele-tulpen-30"
"/product/rood-gele-tulpen-30/","/products/rood-gele-tulpen-30"
"/product/rood-gele-tulpen-50","/products/rood-gele-tulpen-50"
"/product/rood-gele-tulpen-50/","/products/rood-gele-tulpen-50"
"/product/rood-gele-tulpen-bestellen","/products/rood-gele-tulpen-bestellen"
"/product/rood-gele-tulpen-bestellen/","/products/rood-gele-tulpen-bestellen"
"/product/rood-kerstsbakje","/products/rood-kerstsbakje"
"/product/rood-kerstsbakje/","/products/rood-kerstsbakje"
"/product/rose-075-liter","/products/rose-075-liter"
"/product/rose-075-liter/","/products/rose-075-liter"
"/product/roze-alstroemeria-kopen","/products/roze-alstroemeria-kopen"
"/product/roze-alstroemeria-kopen/","/products/roze-alstroemeria-kopen"
"/product/roze-amaryllis","/products/roze-amaryllis"
"/product/roze-amaryllis/","/products/roze-amaryllis"
"/product/roze-brievenbus-tulpen","/products/roze-brievenbus-tulpen"
"/product/roze-brievenbus-tulpen/","/products/roze-brievenbus-tulpen"
"/product/roze-dubbele-tulpen","/products/roze-dubbele-tulpen"
"/product/roze-dubbele-tulpen/","/products/roze-dubbele-tulpen"
"/product/roze-hyacinten-15","/products/roze-hyacinten-15"
"/product/roze-hyacinten-15/","/products/roze-hyacinten-15"
"/product/roze-hyacinten-25","/products/roze-hyacinten-25"
"/product/roze-hyacinten-25/","/products/roze-hyacinten-25"
"/product/roze-hyacinten-bestellen","/products/roze-hyacinten-bestellen"
"/product/roze-hyacinten-bestellen/","/products/roze-hyacinten-bestellen"
"/product/roze-lisianthus-kopen","/products/roze-lisianthus-kopen"
"/product/roze-lisianthus-kopen/","/products/roze-lisianthus-kopen"
"/product/roze-pampas-pluimen","/products/roze-pampas-pluimen"
"/product/roze-pampas-pluimen/","/products/roze-pampas-pluimen"
"/product/roze-pioenrozen-kopen","/products/roze-pioenrozen-kopen"
"/product/roze-pioenrozen-kopen/","/products/roze-pioenrozen-kopen"
"/product/roze-plukboeket-xl","/products/roze-plukboeket-xl"
"/product/roze-plukboeket-xl/","/products/roze-plukboeket-xl"
"/product/roze-rozen-bestellen","/products/roze-rozen-bestellen"
"/product/roze-rozen-bestellen/","/products/roze-rozen-bestellen"
"/product/roze-rozen-xxl","/products/roze-rozen-xxl"
"/product/roze-rozen-xxl/","/products/roze-rozen-xxl"
"/product/roze-tulpen-100","/products/roze-tulpen-100"
"/product/roze-tulpen-100/","/products/roze-tulpen-100"
"/product/roze-tulpen-30","/products/roze-tulpen-30"
"/product/roze-tulpen-30/","/products/roze-tulpen-30"
"/product/roze-tulpen-50","/products/roze-tulpen-50"
"/product/roze-tulpen-50/","/products/roze-tulpen-50"
"/product/roze-tulpen-kopen","/products/roze-tulpen-kopen"
"/product/roze-tulpen-kopen/","/products/roze-tulpen-kopen"
"/product/rozen-2","/products/rozen-2"
"/product/rozen-2/","/products/rozen-2"
"/product/rozen-boeket-50-stelen","/products/rozen-boeket-50-stelen"
"/product/rozen-boeket-50-stelen/","/products/rozen-boeket-50-stelen"
"/product/rozen-boeket-bestellen","/products/rozen-boeket-bestellen"
"/product/rozen-boeket-bestellen/","/products/rozen-boeket-bestellen"
"/product/rozen-boeket-geel-50-stelen","/products/rozen-boeket-geel-50-stelen"
"/product/rozen-boeket-geel-50-stelen/","/products/rozen-boeket-geel-50-stelen"
"/product/rozen-boeket-kopen","/products/rozen-boeket-kopen"
"/product/rozen-boeket-kopen/","/products/rozen-boeket-kopen"
"/product/rozen-warme-liefde-30-of-meer","/products/rozen-warme-liefde-30-of-meer"
"/product/rozen-warme-liefde-30-of-meer/","/products/rozen-warme-liefde-30-of-meer"
"/product/rozenbottel-corallo","/products/rozenbottel-corallo"
"/product/rozenbottel-corallo/","/products/rozenbottel-corallo"
"/product/rozenbottel-takken-corallo-10-takken-70cm","/products/rozenbottel-takken-corallo-10-takken-70cm"
"/product/rozenbottel-takken-corallo-10-takken-70cm/","/products/rozenbottel-takken-corallo-10-takken-70cm"
"/product/rozenbottel-takken-kopen","/products/rozenbottel-takken-kopen"
"/product/rozenbottel-takken-kopen/","/products/rozenbottel-takken-kopen"
"/product/rozenbottel-takken-pumpkin-10-takken","/products/rozenbottel-takken-pumpkin-10-takken"
"/product/rozenbottel-takken-pumpkin-10-takken/","/products/rozenbottel-takken-pumpkin-10-takken"
"/product/rozenmix-pastel","/products/rozenmix-pastel"
"/product/rozenmix-pastel/","/products/rozenmix-pastel"
"/product/salalblad-kopen","/products/salalblad-kopen"
"/product/salalblad-kopen/","/products/salalblad-kopen"
"/product/schors-kopen","/products/schors-kopen"
"/product/schors-kopen/","/products/schors-kopen"
"/product/siergrassen-kopen","/products/siergrassen-kopen"
"/product/siergrassen-kopen/","/products/siergrassen-kopen"
"/product/speciaal-rozen-boeket-emmeline","/products/speciaal-rozen-boeket-emmeline"
"/product/speciaal-rozen-boeket-emmeline/","/products/speciaal-rozen-boeket-emmeline"
"/product/steeneik-groen-10-bossen","/products/steeneik-groen-10-bossen"
"/product/steeneik-groen-10-bossen/","/products/steeneik-groen-10-bossen"
"/product/steeneik-groen-5-bossen","/products/steeneik-groen-5-bossen"
"/product/steeneik-groen-5-bossen/","/products/steeneik-groen-5-bossen"
"/product/steeneik-kopen","/products/steeneik-kopen"
"/product/steeneik-kopen/","/products/steeneik-kopen"
"/product/steeneik-krans-diy","/products/steeneik-krans-diy"
"/product/steeneik-krans-diy/","/products/steeneik-krans-diy"
"/product/strelitzia-10","/products/strelitzia-10"
"/product/strelitzia-10/","/products/strelitzia-10"
"/product/strelitzia-20","/products/strelitzia-20"
"/product/strelitzia-20/","/products/strelitzia-20"
"/product/strelitzia-5","/products/strelitzia-5"
"/product/strelitzia-5/","/products/strelitzia-5"
"/product/strelitzia-bloem-kopen","/products/strelitzia-bloem-kopen"
"/product/strelitzia-bloem-kopen/","/products/strelitzia-bloem-kopen"
"/product/test-abbo","/products/test-abbo"
"/product/test-abbo/","/products/test-abbo"
"/product/test-mark","/products/test-mark"
"/product/test-mark/","/products/test-mark"
"/product/test-volgende-dag-in-huis","/products/test-volgende-dag-in-huis"
"/product/test-volgende-dag-in-huis/","/products/test-volgende-dag-in-huis"
"/product/thuiswerk-emmer","/products/thuiswerk-emmer"
"/product/thuiswerk-emmer/","/products/thuiswerk-emmer"
"/product/tijm-krans-diy","/products/tijm-krans-diy"
"/product/tijm-krans-diy-2","/products/tijm-krans-diy-2"
"/product/tijm-krans-diy-2/","/products/tijm-krans-diy-2"
"/product/tijm-krans-diy-3","/products/tijm-krans-diy-3"
"/product/tijm-krans-diy-3/","/products/tijm-krans-diy-3"
"/product/tijm-krans-diy/","/products/tijm-krans-diy"
"/product/toverbal-pioenrozen-bestellen","/products/toverbal-pioenrozen-bestellen"
"/product/toverbal-pioenrozen-bestellen/","/products/toverbal-pioenrozen-bestellen"
"/product/tulpen-boeket-bezorgen","/products/tulpen-boeket-bezorgen"
"/product/tulpen-boeket-bezorgen/","/products/tulpen-boeket-bezorgen"
"/product/veldboeket","/products/veldboeket"
"/product/veldboeket/","/products/veldboeket"
"/product/vers-tillandsia-mos","/products/vers-tillandsia-mos"
"/product/vers-tillandsia-mos/","/products/vers-tillandsia-mos"
"/product/verse-dadeltakken-doos-10kg","/products/verse-dadeltakken-doos-10kg"
"/product/verse-dadeltakken-doos-10kg/","/products/verse-dadeltakken-doos-10kg"
"/product/verse-eucalyptus-boules","/products/verse-eucalyptus-boules"
"/product/verse-eucalyptus-boules/","/products/verse-eucalyptus-boules"
"/product/verse-olijftakken-10-bossen","/products/verse-olijftakken-10-bossen"
"/product/verse-olijftakken-10-bossen/","/products/verse-olijftakken-10-bossen"
"/product/verse-olijftakken-5-bossen","/products/verse-olijftakken-5-bossen"
"/product/verse-olijftakken-5-bossen/","/products/verse-olijftakken-5-bossen"
"/product/villa-vol-emmer","/products/villa-vol-emmer"
"/product/villa-vol-emmer/","/products/villa-vol-emmer"
"/product/vlaskrans-kopen","/products/vlaskrans-kopen"
"/product/vlaskrans-kopen/","/products/vlaskrans-kopen"
"/product/vriendelijk-gebaar","/products/vriendelijk-gebaar"
"/product/vriendelijk-gebaar/","/products/vriendelijk-gebaar"
"/product/wax-amaryllis-bundel-3x","/products/wax-amaryllis-bundel-3x"
"/product/wax-amaryllis-bundel-3x/","/products/wax-amaryllis-bundel-3x"
"/product/wax-amaryllis-giant-galaxy","/products/wax-amaryllis-giant-galaxy"
"/product/wax-amaryllis-giant-galaxy/","/products/wax-amaryllis-giant-galaxy"
"/product/wax-amaryllis-goud","/products/wax-amaryllis-goud"
"/product/wax-amaryllis-goud/","/products/wax-amaryllis-goud"
"/product/wax-amaryllis-green-magic","/products/wax-amaryllis-green-magic"
"/product/wax-amaryllis-green-magic/","/products/wax-amaryllis-green-magic"
"/product/wax-amaryllis-koper","/products/wax-amaryllis-koper"
"/product/wax-amaryllis-koper/","/products/wax-amaryllis-koper"
"/product/wax-amaryllis-minty-machine","/products/wax-amaryllis-minty-machine"
"/product/wax-amaryllis-minty-machine/","/products/wax-amaryllis-minty-machine"
"/product/wax-amaryllis-paarse-glitter","/products/wax-amaryllis-paarse-glitter"
"/product/wax-amaryllis-paarse-glitter/","/products/wax-amaryllis-paarse-glitter"
"/product/wax-amaryllis-pinky-promise","/products/wax-amaryllis-pinky-promise"
"/product/wax-amaryllis-pinky-promise/","/products/wax-amaryllis-pinky-promise"
"/product/wax-amaryllis-purple-flakes","/products/wax-amaryllis-purple-flakes"
"/product/wax-amaryllis-purple-flakes/","/products/wax-amaryllis-purple-flakes"
"/product/wax-amaryllis-white-wonder-flakes","/products/wax-amaryllis-white-wonder-flakes"
"/product/wax-amaryllis-white-wonder-flakes/","/products/wax-amaryllis-white-wonder-flakes"
"/product/wax-amaryllis-zilver","/products/wax-amaryllis-zilver"
"/product/wax-amaryllis-zilver/","/products/wax-amaryllis-zilver"
"/product/wilde-asparagus-krans-diy","/products/wilde-asparagus-krans-diy"
"/product/wilde-asparagus-krans-diy/","/products/wilde-asparagus-krans-diy"
"/product/wilde-asparagus-takken-kopen","/products/wilde-asparagus-takken-kopen"
"/product/wilde-asparagus-takken-kopen/","/products/wilde-asparagus-takken-kopen"
"/product/wilde-tijm-kopen","/products/wilde-tijm-kopen"
"/product/wilde-tijm-kopen/","/products/wilde-tijm-kopen"
"/product/wilgenkatjes-70-90cm-100","/products/wilgenkatjes-70-90cm-100"
"/product/wilgenkatjes-70-90cm-100/","/products/wilgenkatjes-70-90cm-100"
"/product/wilgenkatjes-70-90cm-30","/products/wilgenkatjes-70-90cm-30"
"/product/wilgenkatjes-70-90cm-30/","/products/wilgenkatjes-70-90cm-30"
"/product/wilgenkatjes-70-90cm-50","/products/wilgenkatjes-70-90cm-50"
"/product/wilgenkatjes-70-90cm-50/","/products/wilgenkatjes-70-90cm-50"
"/product/wilgenkatjes-takken-kopen","/products/wilgenkatjes-takken-kopen"
"/product/wilgenkatjes-takken-kopen/","/products/wilgenkatjes-takken-kopen"
"/product/wit-plukboeket-xl","/products/wit-plukboeket-xl"
"/product/wit-plukboeket-xl/","/products/wit-plukboeket-xl"
"/product/witte-amaryllis-kopen","/products/witte-amaryllis-kopen"
"/product/witte-amaryllis-kopen/","/products/witte-amaryllis-kopen"
"/product/witte-brievenbus-tulpen","/products/witte-brievenbus-tulpen"
"/product/witte-brievenbus-tulpen/","/products/witte-brievenbus-tulpen"
"/product/witte-chrysanten-kopen","/products/witte-chrysanten-kopen"
"/product/witte-chrysanten-kopen/","/products/witte-chrysanten-kopen"
"/product/witte-krans","/products/witte-krans"
"/product/witte-krans/","/products/witte-krans"
"/product/witte-lelies-10-stelen","/products/witte-lelies-10-stelen"
"/product/witte-lelies-10-stelen/","/products/witte-lelies-10-stelen"
"/product/witte-lisianthus-kopen","/products/witte-lisianthus-kopen"
"/product/witte-lisianthus-kopen/","/products/witte-lisianthus-kopen"
"/product/witte-parkiettulpen-30","/products/witte-parkiettulpen-30"
"/product/witte-parkiettulpen-30/","/products/witte-parkiettulpen-30"
"/product/witte-parkiettulpen-50","/products/witte-parkiettulpen-50"
"/product/witte-parkiettulpen-50/","/products/witte-parkiettulpen-50"
"/product/witte-parkiettulpen-kopen","/products/witte-parkiettulpen-kopen"
"/product/witte-parkiettulpen-kopen/","/products/witte-parkiettulpen-kopen"
"/product/witte-ranonkels-xl","/products/witte-ranonkels-xl"
"/product/witte-ranonkels-xl-10","/products/witte-ranonkels-xl-10"
"/product/witte-ranonkels-xl-10/","/products/witte-ranonkels-xl-10"
"/product/witte-ranonkels-xl-20","/products/witte-ranonkels-xl-20"
"/product/witte-ranonkels-xl-20/","/products/witte-ranonkels-xl-20"
"/product/witte-ranonkels-xl/","/products/witte-ranonkels-xl"
"/product/witte-rozen-30-of-meer","/products/witte-rozen-30-of-meer"
"/product/witte-rozen-30-of-meer/","/products/witte-rozen-30-of-meer"
"/product/witte-rozen-vanaf-10-stuks","/products/witte-rozen-vanaf-10-stuks"
"/product/witte-rozen-vanaf-10-stuks/","/products/witte-rozen-vanaf-10-stuks"
"/product/witte-tulpen-100","/products/witte-tulpen-100"
"/product/witte-tulpen-100/","/products/witte-tulpen-100"
"/product/witte-tulpen-30","/products/witte-tulpen-30"
"/product/witte-tulpen-30/","/products/witte-tulpen-30"
"/product/witte-tulpen-50","/products/witte-tulpen-50"
"/product/witte-tulpen-50/","/products/witte-tulpen-50"
"/product/witte-tulpen-kopen","/products/witte-tulpen-kopen"
"/product/witte-tulpen-kopen/","/products/witte-tulpen-kopen"
"/product/witte-wijn-075-liter","/products/witte-wijn-075-liter"
"/product/witte-wijn-075-liter/","/products/witte-wijn-075-liter"
"/product/wonderful-wow","/products/wonderful-wow"
"/product/wonderful-wow/","/products/wonderful-wow"
"/product/zilvermos","/products/zilvermos"
"/product/zilvermos/","/products/zilvermos"
"/product/zomers-roze-emmer","/products/zomers-roze-emmer"
"/product/zomers-roze-emmer/","/products/zomers-roze-emmer"
"/product/zomerse-herfst-emmer","/products/zomerse-herfst-emmer"
"/product/zomerse-herfst-emmer/","/products/zomerse-herfst-emmer"
"/product/zonnebloemen-10-stelen-10-euro-exclusieve-aanbieding","/products/zonnebloemen-10-stelen-10-euro-exclusieve-aanbieding"
"/product/zonnebloemen-10-stelen-10-euro-exclusieve-aanbieding/","/products/zonnebloemen-10-stelen-10-euro-exclusieve-aanbieding"
"/product/zonnebloemen-boeket","/products/zonnebloemen-boeket"
"/product/zonnebloemen-boeket/","/products/zonnebloemen-boeket"
"/product/zonnebloemen-kopen","/products/zonnebloemen-kopen"
"/product/zonnebloemen-kopen/","/products/zonnebloemen-kopen"
"/retour-beleid","/pages/retour-beleid"
"/retour-beleid/","/pages/retour-beleid"
"/rode-rozen-2","/pages/rode-rozen-2"
"/rode-rozen-2/","/pages/rode-rozen-2"
"/rode-rozen-het-ultieme-symbool-van-liefde-bij-bloemen-van-de-gier","/blogs/nieuws/rode-rozen-het-ultieme-symbool-van-liefde-bij-bloemen-van-de-gier"
"/rode-rozen-het-ultieme-symbool-van-liefde-bij-bloemen-van-de-gier/","/blogs/nieuws/rode-rozen-het-ultieme-symbool-van-liefde-bij-bloemen-van-de-gier"
"/roze-rozen","/pages/roze-rozen"
"/roze-rozen/","/pages/roze-rozen"
"/rozen-aantal","/pages/rozen-aantal"
"/rozen-aantal/","/pages/rozen-aantal"
"/rozen-bestellen-bij-de-gier","/pages/rozen-bestellen-bij-de-gier"
"/rozen-bestellen-bij-de-gier/","/pages/rozen-bestellen-bij-de-gier"
"/rozen-bij-de-gier","/pages/rozen-bij-de-gier"
"/rozen-bij-de-gier/","/pages/rozen-bij-de-gier"
"/shop","/collections/all"
"/shop/","/collections/all"
"/sinterklaas","/pages/sinterklaas"
"/sinterklaas/","/pages/sinterklaas"
"/suikerfeest-cadeau-bij-bloemen-van-de-gier","/pages/suikerfeest-cadeau-bij-bloemen-van-de-gier"
"/suikerfeest-cadeau-bij-bloemen-van-de-gier/","/pages/suikerfeest-cadeau-bij-bloemen-van-de-gier"
"/terugbetalen_retournering","/pages/terugbetalen_retournering"
"/terugbetalen_retournering/","/pages/terugbetalen_retournering"
"/trakteer-jezelf-en-laat-bloemen-bezorgen","/pages/trakteer-jezelf-en-laat-bloemen-bezorgen"
"/trakteer-jezelf-en-laat-bloemen-bezorgen/","/pages/trakteer-jezelf-en-laat-bloemen-bezorgen"
"/tulpen-bestellen","/pages/tulpen-bestellen"
"/tulpen-bestellen-2","/pages/tulpen-bestellen-2"
"/tulpen-bestellen-2/","/pages/tulpen-bestellen-2"
"/tulpen-bestellen/","/pages/tulpen-bestellen"
"/vaderdag","/pages/vaderdag"
"/vaderdag/","/pages/vaderdag"
"/valentijnsdag","/pages/valentijnsdag"
"/valentijnsdag/","/pages/valentijnsdag"
"/valentijnsdagcadeau-bij-bloemen-van-de-gier","/pages/valentijnsdagcadeau-bij-bloemen-van-de-gier"
"/valentijnsdagcadeau-bij-bloemen-van-de-gier/","/pages/valentijnsdagcadeau-bij-bloemen-van-de-gier"
"/valentijnsdagcadeau-voor-haar","/pages/valentijnsdagcadeau-voor-haar"
"/valentijnsdagcadeau-voor-haar/","/pages/valentijnsdagcadeau-voor-haar"
"/veelgestelde-vragen","/pages/veelgestelde-vragen"
"/veelgestelde-vragen/","/pages/veelgestelde-vragen"
"/verschillende-bloemen-voor-iedereen","/pages/verschillende-bloemen-voor-iedereen"
"/verschillende-bloemen-voor-iedereen/","/pages/verschillende-bloemen-voor-iedereen"
"/verzendkosten-en-levering","/pages/verzendkosten-en-levering"
"/verzendkosten-en-levering/","/pages/verzendkosten-en-levering"
"/verzendkosten-levertijden","/pages/verzendkosten-levertijden"
"/verzendkosten-levertijden/","/pages/verzendkosten-levertijden"
"/verzorging-fresias","/pages/verzorging-fresias"
"/verzorging-fresias/","/pages/verzorging-fresias"
"/verzorging-gemengde-boeketten","/pages/verzorging-gemengde-boeketten"
"/verzorging-gemengde-boeketten/","/pages/verzorging-gemengde-boeketten"
"/verzorging-lelies","/pages/verzorging-lelies"
"/verzorging-lelies/","/pages/verzorging-lelies"
"/verzorging-ranonkels","/pages/verzorging-ranonkels"
"/verzorging-ranonkels/","/pages/verzorging-ranonkels"
"/verzorging-rozen","/pages/verzorging-rozen"
"/verzorging-rozen/","/pages/verzorging-rozen"
"/verzorging-tulpen","/pages/verzorging-tulpen"
"/verzorging-tulpen/","/pages/verzorging-tulpen"
"/verzorging-zonnebloemen","/pages/verzorging-zonnebloemen"
"/verzorging-zonnebloemen/","/pages/verzorging-zonnebloemen"
"/voorjaarsbloemen","/pages/voorjaarsbloemen"
"/voorjaarsbloemen/","/pages/voorjaarsbloemen"
"/webshop","/collections/all"
"/webshop/","/collections/all"
"/weekdeals","/pages/weekdeals"
"/weekdeals/","/pages/weekdeals"
"/winterbloemen","/pages/winterbloemen"
"/winterbloemen-bij-de-gier","/pages/winterbloemen-bij-de-gier"
"/winterbloemen-bij-de-gier/","/pages/winterbloemen-bij-de-gier"
"/winterbloemen/","/pages/winterbloemen"
"/witte-rozen","/pages/witte-rozen"
"/witte-rozen/","/pages/witte-rozen"
"/zakelijk-account","/pages/zakelijk-account"
"/zakelijk-account/","/pages/zakelijk-account"
"/zakelijk-bloemen-bestellen","/pages/zakelijk-bloemen-bestellen"
"/zakelijk-bloemen-bestellen-2","/pages/zakelijk-bloemen-bestellen-2"
"/zakelijk-bloemen-bestellen-2/","/pages/zakelijk-bloemen-bestellen-2"
"/zakelijk-bloemen-bestellen/","/pages/zakelijk-bloemen-bestellen"
"/zelf-krans-maken","/pages/zelf-krans-maken"
"/zelf-krans-maken/","/pages/zelf-krans-maken"
"/zomerbloemen","/pages/zomerbloemen"
"/zomerbloemen/","/pages/zomerbloemen"
